rating,brand,processor_model,processor_manufacturer,processor_speed,sim_slot,isVoLTE,hasIRBlaster,hasNFC,has5G,ram,rom,charging_speed,battery_capacity,display_refresh_rate,display_size,display_resolution,front_camera_resolution,back_camera_resolution,back_camera_setup,card_Supported,os_ios,os_other,price
89.0,25,171,14,3.2,2,1,0,1,1,12,256,100.0,5000,120,6.7,1440,16.0,50.0,3,1,0,0,54999
81.0,25,155,14,2.2,2,1,0,0,1,6,128,33.0,5000,120,6.59,1080,16.0,64.0,3,1,0,0,19989
75.0,32,49,3,2.4,2,1,0,0,1,4,64,15.0,5000,90,6.6,1080,13.0,50.0,3,1,0,0,16499
81.0,20,115,14,2.2,2,1,0,0,1,6,128,10.0,5000,120,6.55,1080,16.0,50.0,3,1,0,0,14999
82.0,30,19,2,2.6,2,1,0,0,1,6,128,67.0,5000,120,6.7,1080,16.0,108.0,3,1,0,0,24999
80.0,32,123,14,2.2,2,1,0,1,1,6,128,25.0,5000,120,6.6,1080,8.0,50.0,3,1,0,0,16999
81.0,0,5,1,3.22,2,1,0,1,1,6,128,10.0,3279,60,6.1,1080,12.0,12.0,2,1,1,0,65999
86.0,37,19,2,2.6,2,1,1,0,1,8,256,120.0,4980,120,6.67,1080,16.0,200.0,3,1,0,0,29999
85.0,22,168,14,2.5,2,1,0,1,1,8,128,33.0,4500,120,6.55,1080,16.0,50.0,2,0,0,1,26749
84.0,25,8,2,,2,1,0,1,1,8,128,80.0,4500,90,6.43,1080,32.0,50.0,3,0,0,1,28999
82.0,30,155,14,2.2,2,1,0,0,1,6,128,33.0,5000,120,6.72,1080,16.0,108.0,2,1,0,0,18999
79.0,26,25,2,2.2,2,1,0,1,1,8,128,33.0,5000,90,6.56,720,8.0,50.0,2,1,0,0,18999
79.0,37,19,2,2.6,2,1,1,0,1,6,128,67.0,5000,120,6.67,1080,16.0,50.0,3,0,0,1,24762
80.0,36,115,14,2.2,2,1,0,0,1,6,128,18.0,5000,120,6.58,1080,16.0,50.0,3,1,0,0,16990
,32,171,14,3.2,2,1,0,1,1,8,256,45.0,5000,120,6.8,1440,12.0,200.0,1,1,0,0,114990
79.0,0,5,1,3.22,2,1,0,1,1,4,128,10.0,3240,60,6.1,1080,12.0,12.0,2,1,1,0,62999
65.0,36,91,6,2.3,2,1,0,0,0,3,32,10.0,5000,60,6.51,720,5.0,13.0,2,1,0,0,9999
86.0,25,32,2,2.85,2,1,0,1,1,8,128,80.0,5000,120,6.7,1080,16.0,50.0,3,0,0,1,32999
72.0,36,81,6,,2,1,0,0,0,4,64,18.0,5000,60,6.55,720,8.0,50.0,2,1,0,0,14499
85.0,36,22,2,,2,1,0,0,1,8,128,66.0,4830,120,6.56,1080,32.0,64.0,3,0,0,1,35999
80.0,29,156,14,2.2,2,1,1,0,1,6,64,67.0,5000,120,6.67,1080,16.0,64.0,3,1,0,0,14999
76.0,37,139,14,,2,1,1,0,1,4,128,33.0,5000,120,6.67,1080,13.0,48.0,3,1,0,0,17859
87.0,36,37,2,3.2,2,1,0,1,1,12,256,100.0,4800,120,6.7,1080,32.0,64.0,3,0,0,1,42990
88.0,32,174,14,2.84,2,1,0,1,1,8,128,10.0,4500,120,6.5,1080,32.0,12.0,3,1,0,0,31239
84.0,25,155,14,2.2,2,1,0,0,1,8,128,33.0,5000,120,6.59,1080,16.0,64.0,3,1,0,0,21995
76.0,0,3,1,,2,1,0,1,1,6,128,10.0,4323,120,6.7,1080,12.0,48.0,3,1,1,0,129990
83.0,36,13,2,,2,1,0,0,1,8,128,44.0,4500,90,6.44,1080,50.0,64.0,3,1,0,0,27999
,25,132,14,3.2,2,1,0,1,1,8,128,100.0,4500,120,6.7,1440,16.0,50.0,3,0,0,1,69999
84.0,30,155,14,2.2,2,1,0,0,1,8,128,33.0,5000,120,6.72,1080,16.0,108.0,2,1,0,0,19999
81.0,29,167,14,2.4,2,1,1,1,1,6,128,67.0,5000,120,6.67,1080,16.0,108.0,3,1,0,0,20999
83.0,36,18,2,2.2,2,1,0,0,1,8,256,67.0,4700,120,6.56,1080,50.0,64.0,3,1,0,0,27990
73.0,0,2,0,2.65,2,1,0,1,0,4,64,10.0,3110,60,6.1,720,12.0,12.0,2,1,1,0,38999
85.0,32,14,2,2.4,2,1,0,0,1,6,128,25.0,5000,120,6.7,1080,32.0,108.0,1,1,0,0,23790
87.0,32,42,3,2.9,2,1,0,1,1,8,128,25.0,4500,120,6.4,1080,32.0,12.0,3,1,0,0,39999
87.0,26,115,14,2.2,2,1,0,1,1,8,256,66.0,5000,120,6.67,1080,16.0,108.0,3,1,0,0,29990
,32,131,14,,2,1,0,1,1,12,256,45.0,5000,120,6.8,1440,40.0,108.0,1,0,0,1,91999
83.0,37,117,14,2.36,2,1,1,0,1,6,128,210.0,5200,120,6.67,1080,32.0,108.0,1,1,0,0,32999
83.0,24,167,14,2.4,2,1,0,1,1,8,256,67.0,4500,120,6.7,1080,32.0,64.0,2,0,0,1,28499
83.0,25,115,14,2.2,2,1,0,1,1,6,128,67.0,5000,120,6.7,1080,16.0,108.0,3,1,0,0,21999
83.0,37,0,14,2.2,2,1,1,0,1,6,128,67.0,5000,120,6.67,1080,16.0,108.0,3,1,0,0,19999
87.0,20,27,2,2.4,2,1,0,1,1,6,128,30.0,5000,90,6.67,1080,32.0,108.0,3,1,0,0,18999
85.0,30,19,2,2.6,2,1,0,0,1,8,256,67.0,5000,120,6.7,1080,16.0,108.0,3,1,0,0,27999
80.0,36,152,14,2.4,2,1,0,0,0,8,128,44.0,5000,90,6.58,1080,16.0,50.0,3,1,0,0,18499
81.0,32,41,3,2.4,2,1,0,1,1,6,128,25.0,6000,120,6.6,1080,8.0,50.0,1,1,0,0,17478
76.0,37,113,14,2.4,2,1,1,0,0,4,64,33.0,5000,90,6.43,1080,13.0,50.0,1,1,0,0,11936
64.0,30,203,17,1.8,2,1,0,0,0,3,32,10.0,5000,60,6.5,720,5.0,50.0,2,1,0,0,8950
68.0,36,91,6,2.3,2,1,0,0,0,4,64,10.0,5000,60,6.51,720,5.0,13.0,2,1,0,0,12489
,32,157,14,2.36,2,1,0,1,1,8,128,33.0,5000,120,6.7,1080,32.0,108.0,1,1,0,0,42999
79.0,32,49,3,2.4,2,1,0,0,1,6,128,15.0,5000,90,6.6,1080,13.0,50.0,3,1,0,0,18999
82.0,40,34,2,3.1,2,1,1,1,1,8,128,120.0,5000,120,6.78,1080,16.0,64.0,3,0,0,1,29999
83.0,20,155,14,2.2,2,1,0,1,1,6,128,30.0,5000,120,6.6,1080,16.0,50.0,3,1,0,0,18999
74.0,30,88,6,2.2,2,1,0,0,0,4,64,33.0,5000,90,6.4,1080,16.0,50.0,2,1,0,0,13999
75.0,30,30,2,2.4,2,1,0,0,1,4,64,18.0,5000,90,6.6,1080,8.0,50.0,3,1,0,0,14965
82.0,0,5,1,3.22,2,1,0,1,1,6,128,10.0,4325,60,6.7,1080,12.0,12.0,2,1,1,0,74999
78.0,37,86,6,2.05,2,1,1,0,0,6,64,33.0,5000,60,6.43,1080,13.0,64.0,1,1,0,0,10999
89.0,32,171,14,3.2,2,1,0,1,1,8,256,45.0,4700,120,6.6,1080,12.0,50.0,3,0,0,1,84990
75.0,20,152,14,2.4,2,1,0,0,0,4,64,33.0,5000,90,6.55,1080,16.0,50.0,3,1,0,0,10499
78.0,37,26,2,,2,1,1,1,1,6,128,67.0,5000,120,6.67,1080,16.0,108.0,3,0,0,1,17990
85.0,36,176,14,3.2,2,1,0,1,1,8,128,66.0,4600,120,6.78,1080,50.0,64.0,3,0,0,1,29990
79.0,32,113,14,2.4,2,1,0,0,0,6,128,25.0,5000,60,6.6,1080,8.0,50.0,1,1,0,0,18499
75.0,36,81,6,,2,1,0,0,0,6,128,18.0,5000,60,6.55,720,8.0,50.0,2,1,0,0,16499
81.0,29,10,2,2.4,2,1,1,0,1,6,128,33.0,5000,90,6.6,1080,16.0,50.0,2,1,0,0,14999
86.0,36,34,2,3.1,2,1,0,1,1,8,256,66.0,4600,120,6.78,1080,50.0,50.0,3,0,0,1,35499
89.0,25,131,14,,2,1,0,1,1,8,128,80.0,5000,120,6.7,1440,32.0,50.0,3,0,0,1,60999
87.0,37,19,2,2.6,2,1,1,0,1,12,256,120.0,4980,120,6.67,1080,16.0,200.0,3,1,0,0,32999
78.0,32,123,14,2.2,2,1,0,1,1,4,128,25.0,5000,120,6.6,1080,8.0,50.0,3,1,0,0,15999
62.0,24,79,6,2.3,2,1,0,0,0,3,64,10.0,5000,60,6.56,720,5.0,8.0,1,1,0,0,9499
75.0,40,106,14,,2,1,0,0,1,4,64,18.0,5000,120,6.58,1080,8.0,50.0,2,1,0,0,13989
79.0,37,24,2,2.2,2,1,1,0,1,6,128,18.0,5000,90,6.5,1080,8.0,48.0,3,1,0,0,13999
,7,182,16,,2,1,0,0,0,4,32,10.0,3500,60,6.26,720,5.0,13.0,1,1,0,1,6190
83.0,0,5,1,3.22,2,1,0,1,1,6,128,10.0,3095,120,6.1,1080,12.0,12.0,3,1,1,0,119900
83.0,24,145,14,2.2,2,1,0,0,1,8,128,67.0,4800,120,6.58,1080,32.0,64.0,3,1,0,0,27660
75.0,32,48,3,,2,1,0,1,1,6,128,33.0,5000,90,6.5,1080,13.0,48.0,1,1,0,0,24999
66.0,37,64,6,,2,1,0,0,0,4,64,10.0,5000,60,6.53,720,5.0,13.0,1,1,0,0,8388
83.0,20,71,6,2.2,2,1,0,1,0,6,128,33.0,5000,120,6.55,1080,16.0,108.0,3,1,0,0,15999
82.0,32,49,3,2.4,2,1,0,0,1,8,128,15.0,5000,90,6.6,1080,13.0,50.0,3,1,0,0,20999
75.0,30,10,2,2.4,2,1,0,0,1,4,64,18.0,5000,90,6.5,1080,16.0,48.0,3,1,0,0,13999
83.0,36,115,14,2.2,2,1,0,0,1,8,128,18.0,5000,120,6.58,1080,16.0,50.0,3,1,0,0,19990
75.0,32,23,2,2.2,2,1,0,0,1,6,128,15.0,5000,90,6.5,720,5.0,50.0,2,1,0,0,13999
79.0,32,155,14,2.2,2,1,0,0,1,6,128,25.0,5000,120,6.6,1080,8.0,50.0,1,1,0,0,22999
79.0,24,10,2,2.4,2,1,0,0,1,8,128,33.0,5000,90,6.56,720,8.0,48.0,2,1,0,0,16999
80.0,37,113,14,2.4,2,1,1,0,0,6,128,33.0,5000,90,6.43,1080,13.0,50.0,1,1,0,0,14290
,32,167,14,2.4,2,1,0,1,1,8,128,25.0,5000,120,6.7,1080,32.0,108.0,1,1,0,0,41999
69.0,36,91,6,2.3,2,1,0,0,0,4,64,18.0,5000,60,6.51,720,8.0,13.0,2,1,0,0,13489
83.0,25,32,2,2.85,2,1,0,1,1,8,128,10.0,5000,120,6.59,1080,16.0,64.0,3,0,0,1,22990
84.0,20,115,14,2.2,2,1,0,0,1,8,128,10.0,5000,120,6.55,1080,16.0,50.0,3,1,0,0,16499
67.0,30,203,17,1.8,2,1,0,0,0,4,64,10.0,5000,60,6.5,720,5.0,50.0,2,1,0,0,9999
75.0,30,113,14,2.4,2,1,0,0,0,4,64,33.0,5000,90,6.6,1080,16.0,50.0,3,1,0,0,12499
72.0,24,79,6,2.3,2,1,0,0,0,4,64,10.0,5000,60,6.56,720,5.0,50.0,2,1,0,0,12499
88.0,40,171,14,3.2,2,1,0,1,1,8,256,120.0,5000,144,6.78,1440,16.0,50.0,3,0,0,1,59999
78.0,36,115,14,2.2,2,1,0,0,1,4,128,18.0,5000,120,6.58,1080,16.0,50.0,3,1,0,0,15990
75.0,0,3,1,,2,1,0,1,1,6,128,10.0,3200,120,6.1,1080,12.0,48.0,3,1,1,0,119990
83.0,37,167,14,2.4,2,1,1,0,1,6,128,33.0,5200,120,6.67,1080,32.0,108.0,1,1,0,0,19999
80.0,30,30,2,2.4,2,1,0,0,1,8,128,33.0,5000,90,6.6,1080,8.0,50.0,2,1,0,0,12999
82.0,24,28,2,2.4,2,1,0,0,1,8,128,50.0,4310,60,6.43,1080,16.0,48.0,1,1,0,0,19990
87.0,36,37,2,3.2,2,1,0,0,1,12,256,120.0,5000,144,6.73,1080,32.0,108.0,3,0,0,1,43999
86.0,32,131,14,,2,1,0,1,1,8,128,25.0,3700,120,6.1,1080,10.0,50.0,3,0,0,1,49999
79.0,36,152,14,2.4,2,1,0,0,0,6,128,44.0,5000,60,6.44,1080,16.0,50.0,3,1,0,0,15999
87.0,25,32,2,2.85,2,1,0,1,1,12,256,80.0,5000,120,6.7,1080,16.0,50.0,3,0,0,1,36999
85.0,35,36,2,3.05,2,1,0,1,1,8,256,45.0,5160,120,6.8,1080,32.0,64.0,3,0,0,1,39999
82.0,37,11,2,2.85,2,1,1,0,1,6,128,67.0,5080,144,6.6,1080,16.0,64.0,3,0,0,1,22999
87.0,32,48,3,2.4,2,1,0,1,1,6,128,25.0,5000,120,6.5,1080,32.0,64.0,1,1,0,0,31999
,37,76,6,,2,1,0,0,0,2,32,10.0,5000,60,6.52,720,5.0,8.0,1,1,0,0,6171
83.0,24,22,2,,2,1,0,1,1,8,128,80.0,4500,90,6.43,1080,32.0,50.0,3,0,0,1,29340
87.0,32,14,2,2.4,2,1,0,0,1,8,128,25.0,5000,120,6.7,1080,32.0,108.0,1,1,0,0,25289
78.0,40,127,14,2.4,2,1,0,0,1,6,128,66.0,4700,90,6.44,1080,16.0,64.0,3,1,0,0,21788
88.0,32,171,14,3.2,2,1,0,1,1,8,128,25.0,3900,120,6.1,1080,12.0,50.0,3,0,0,1,70990
89.0,20,169,14,,2,1,0,1,1,8,128,68.0,4800,144,6.7,1080,60.0,50.0,3,0,0,1,34999
85.0,25,8,2,,2,1,0,1,1,12,256,80.0,4500,90,6.43,1080,32.0,50.0,3,0,0,1,33900
84.0,11,30,2,2.4,2,1,0,0,1,8,128,33.0,5000,60,6.7,1080,16.0,108.0,3,1,0,0,18999
84.0,32,41,3,2.4,2,1,0,1,1,8,128,25.0,6000,120,6.6,1080,8.0,50.0,1,1,0,0,19499
78.0,20,152,14,2.4,2,1,0,1,0,4,64,20.0,5000,60,6.47,1080,16.0,50.0,3,1,0,0,10999
85.0,25,155,14,2.2,2,1,0,0,1,8,256,33.0,5000,120,6.59,1080,16.0,64.0,3,1,0,0,24999
82.0,32,41,3,2.4,2,1,0,1,1,6,128,25.0,5000,90,6.4,1080,13.0,48.0,1,1,0,0,25999
74.0,37,25,2,2.2,2,1,1,0,1,4,64,18.0,5000,90,6.58,1080,5.0,50.0,2,1,0,0,13466
76.0,37,160,14,2.3,2,1,1,0,0,4,64,18.0,5020,60,6.67,1080,16.0,48.0,1,1,0,0,9999
71.0,20,190,16,1.8,2,1,0,0,0,4,64,10.0,5000,90,6.5,720,8.0,48.0,3,1,0,0,7999
86.0,22,168,14,2.5,2,1,0,1,1,8,256,33.0,4500,120,6.55,1080,16.0,50.0,2,0,0,1,28249
82.0,29,156,14,2.2,2,1,1,0,1,6,128,67.0,5000,120,6.67,1080,16.0,64.0,3,1,0,0,16499
87.0,37,0,14,2.2,2,1,1,0,1,8,256,67.0,5000,120,6.67,1080,16.0,108.0,3,1,0,0,22999
75.0,0,2,0,2.65,2,1,0,1,0,4,128,10.0,3110,60,6.1,720,12.0,12.0,2,1,1,0,46999
74.0,30,184,16,1.8,2,1,0,0,0,6,128,18.0,5000,90,6.6,1080,8.0,50.0,3,1,0,0,13999
78.0,24,152,14,2.4,2,1,0,0,0,6,128,33.0,5000,90,6.59,1080,16.0,50.0,3,1,0,0,13490
82.0,40,176,14,3.2,2,1,1,0,1,8,128,80.0,4700,120,6.62,1080,16.0,64.0,3,0,0,1,28999
78.0,40,116,14,2.2,2,1,0,0,1,4,128,18.0,5000,120,6.58,1080,16.0,50.0,3,1,0,0,15499
86.0,24,32,2,2.85,2,1,0,1,1,16,256,67.0,4500,120,6.7,1080,32.0,50.0,2,0,0,1,39999
76.0,29,10,2,2.4,2,1,1,0,1,4,64,33.0,5000,90,6.6,1080,16.0,50.0,2,1,0,0,12999
69.0,25,144,14,1.8,2,1,0,0,0,4,64,18.0,6000,60,6.52,720,8.0,13.0,3,1,0,0,14999
68.0,32,91,6,2.3,2,1,0,0,0,4,64,15.0,5000,60,6.5,720,5.0,13.0,2,1,0,0,8499
83.0,40,176,14,3.2,2,1,0,1,1,8,128,66.0,4400,120,6.62,1080,16.0,48.0,3,0,0,1,24990
84.0,32,47,3,2.4,2,1,0,1,1,6,128,25.0,6000,120,6.5,1080,32.0,64.0,1,1,0,0,16999
71.0,37,152,14,2.4,2,1,0,0,0,4,64,18.0,6000,60,6.7,720,5.0,50.0,2,1,0,0,9589
79.0,37,139,14,,2,1,1,0,1,6,128,33.0,5000,120,6.67,1080,13.0,48.0,3,1,0,0,19988
75.0,20,152,14,2.4,2,1,0,1,0,4,64,33.0,5000,90,6.6,2160,16.0,50.0,3,1,0,0,11999
87.0,26,169,14,,2,1,0,1,1,8,128,67.0,5000,120,6.7,1080,16.0,108.0,2,1,0,0,30990
85.0,11,19,2,2.6,2,1,0,0,1,8,256,33.0,5000,120,6.78,1080,16.0,50.0,3,1,0,0,19499
,30,188,16,1.82,2,1,0,0,0,2,32,10.0,5000,60,6.5,720,5.0,8.0,1,1,0,0,5299
82.0,24,1,14,2.2,2,1,0,0,1,8,128,33.0,4500,60,6.43,1080,16.0,64.0,3,1,0,0,25969
82.0,30,131,14,,2,1,0,0,1,6,128,65.0,5000,120,6.4,1080,32.0,64.0,3,1,0,0,28999
81.0,30,152,14,2.4,2,1,0,0,0,6,128,33.0,5000,90,6.4,1080,16.0,108.0,3,1,0,0,14999
74.0,4,88,6,2.2,2,1,0,0,0,4,64,33.0,5000,90,6.4,1080,16.0,50.0,2,1,0,0,14999
84.0,0,5,1,3.22,2,1,0,1,1,6,128,10.0,4352,120,6.7,1080,12.0,12.0,3,1,1,0,129900
88.0,26,171,14,3.2,2,1,0,1,1,12,256,80.0,4700,120,6.73,1080,32.0,64.0,1,0,0,1,58990
88.0,36,39,2,3.05,2,1,1,1,1,8,128,120.0,4810,120,6.78,1080,32.0,50.0,3,1,0,0,41990
74.0,32,53,3,,2,1,0,1,0,4,64,15.0,6000,60,6.6,2160,8.0,50.0,3,1,0,0,10999
79.0,37,86,6,2.05,2,1,1,0,0,6,128,33.0,5000,60,6.43,1080,13.0,64.0,1,1,0,0,11999
79.0,30,88,6,2.2,2,1,0,0,0,8,128,33.0,5000,90,6.4,1080,16.0,50.0,2,1,0,0,16999
83.0,40,138,14,2.84,2,1,0,1,1,8,128,66.0,4500,120,6.62,1080,16.0,48.0,3,0,0,1,30990
75.0,11,29,2,2.4,2,1,0,0,1,4,64,18.0,5000,120,6.6,1080,8.0,50.0,1,1,0,0,17999
,17,185,16,,2,1,0,0,0,4,32,10.0,4000,60,6.54,720,5.0,8.0,1,0,0,1,5499
83.0,37,117,14,2.36,2,1,1,0,1,6,128,67.0,5200,120,6.67,1080,32.0,108.0,1,1,0,0,20499
81.0,30,16,2,2.5,2,1,0,0,1,6,128,33.0,5000,90,6.4,1080,16.0,48.0,3,1,0,0,20490
77.0,24,108,14,,2,1,0,0,1,6,128,18.0,5000,90,6.5,1080,8.0,48.0,3,1,0,0,15490
61.0,0,2,0,2.65,1,1,0,1,0,3,64,10.0,2050,60,4.7,720,7.0,12.0,1,1,1,0,29990
79.0,40,106,14,,2,1,0,0,1,6,128,18.0,5000,120,6.58,1080,8.0,50.0,2,1,0,0,15499
80.0,37,86,6,2.05,2,1,1,0,0,6,64,33.0,5000,60,6.43,1080,13.0,64.0,1,1,0,0,11999
74.0,30,87,6,,2,1,0,0,0,4,64,33.0,5000,120,6.6,1080,16.0,50.0,3,1,0,0,10999
82.0,36,9,2,2.2,2,1,0,0,1,8,128,18.0,5000,60,6.58,1080,16.0,50.0,3,1,0,0,21990
85.0,36,13,2,,2,1,0,0,1,12,256,44.0,4500,90,6.44,1080,50.0,64.0,3,1,0,0,31999
77.0,28,87,6,2.05,2,1,1,0,0,6,64,33.0,5000,90,6.43,1080,16.0,64.0,3,1,0,0,11999
89.0,11,38,2,2.5,2,1,0,0,1,8,256,180.0,4500,120,6.8,1080,32.0,200.0,3,1,0,0,36999
62.0,35,76,6,,2,1,0,0,0,3,32,10.0,5000,60,6.56,720,5.0,13.0,1,1,0,0,6999
89.0,20,171,14,3.2,2,1,0,1,1,8,128,125.0,4600,165,6.7,1080,60.0,50.0,3,0,0,1,39999
78.0,32,115,14,2.2,2,1,0,1,1,4,128,25.0,5000,120,6.6,1080,8.0,50.0,3,1,0,0,14999
79.0,30,9,2,2.2,2,1,0,0,1,8,128,33.0,5000,90,6.6,1080,8.0,50.0,2,1,0,0,14499
84.0,25,12,2,3.1,2,1,0,1,1,8,128,120.0,4200,90,6.43,1080,32.0,50.0,3,0,0,1,27999
86.0,20,155,14,2.2,2,1,0,1,1,8,128,30.0,5000,120,6.6,1080,16.0,50.0,3,1,0,0,20499
60.0,39,100,9,1.6,2,1,0,0,0,4,64,10.0,5000,60,6.5,720,8.0,13.0,1,1,0,0,8099
65.0,15,191,16,1.8,2,1,0,0,0,8,128,10.0,5000,60,6.5,720,5.0,13.0,1,0,0,1,10999
63.0,30,73,6,,2,1,0,0,0,3,32,10.0,4000,60,6.1,720,5.0,13.0,2,1,0,0,3499
,6,66,6,,2,1,0,0,0,4,64,10.0,2150,60,3.54,720,2.0,8.0,1,1,0,0,9990
85.0,32,178,14,2.84,2,1,0,0,1,6,128,25.0,6000,90,6.67,1080,32.0,64.0,3,1,0,0,34999
,21,131,14,,2,1,0,0,1,12,256,65.0,6000,120,6.9,1080,32.0,200.0,1,1,0,0,46999
70.0,30,184,16,1.8,2,1,0,0,0,4,64,18.0,5000,60,6.6,1080,8.0,50.0,3,1,0,0,11828
81.0,25,155,14,2.2,2,1,0,0,1,6,128,33.0,5000,120,6.59,1080,16.0,50.0,3,1,0,0,18999
84.0,29,156,14,2.2,2,1,1,0,1,8,128,67.0,5000,120,6.67,1080,16.0,64.0,3,1,0,0,17999
66.0,32,91,6,2.3,2,1,0,0,0,4,64,15.0,5000,60,6.5,720,5.0,13.0,2,1,0,0,8499
76.0,24,152,14,2.4,2,1,0,0,0,8,128,33.0,5000,90,6.56,720,8.0,50.0,2,1,0,0,17999
75.0,32,99,8,,2,1,0,0,0,4,64,25.0,5000,60,6.6,1080,8.0,50.0,1,1,0,0,14450
,37,171,14,3.2,2,1,1,1,1,12,256,120.0,5000,120,6.6,1440,32.0,108.0,1,0,0,1,71999
79.0,20,152,14,2.4,2,1,0,1,0,6,128,33.0,5000,90,6.6,2160,16.0,50.0,3,1,0,0,12999
75.0,29,25,2,2.2,2,1,1,0,1,4,64,18.0,5000,90,6.58,1080,8.0,50.0,2,1,0,0,11499
87.0,22,168,14,2.5,2,1,0,1,1,12,256,33.0,4500,120,6.55,1080,16.0,50.0,2,0,0,1,35999
76.0,32,50,3,,2,1,0,1,1,6,128,25.0,5000,120,6.4,1080,32.0,50.0,3,1,0,0,34999
73.0,35,88,6,2.2,2,1,0,0,0,8,128,18.0,6000,90,6.82,720,8.0,50.0,1,1,0,0,11999
82.0,37,19,2,2.6,2,1,1,0,1,8,256,67.0,5000,120,6.67,1080,16.0,50.0,3,0,0,1,27994
77.0,0,3,1,,2,1,0,1,1,6,256,10.0,4323,120,6.7,1080,12.0,48.0,3,1,1,0,139990
86.0,36,22,2,,2,1,0,0,1,12,256,66.0,4830,120,6.56,1080,32.0,64.0,3,0,0,1,39999
79.0,30,10,2,2.4,2,1,0,0,1,6,128,18.0,5000,90,6.5,1080,16.0,48.0,3,1,0,0,15499
80.0,30,115,14,2.2,2,1,0,0,1,6,128,33.0,5000,120,6.6,1080,16.0,64.0,3,1,0,0,18999
73.0,14,25,2,2.2,2,1,0,0,1,4,128,10.0,5000,90,6.5,1440,8.0,50.0,2,1,0,0,10999
81.0,9,155,14,2.2,2,1,1,1,1,8,256,40.0,5100,120,6.67,1080,16.0,64.0,3,0,0,1,27999
74.0,35,85,6,,2,1,0,0,0,4,64,33.0,7000,90,6.95,1080,8.0,50.0,3,1,0,0,9999
65.0,32,91,6,2.3,2,1,0,0,0,3,32,10.0,5000,60,6.5,720,5.0,13.0,2,1,0,0,9299
78.0,30,16,2,2.5,2,1,0,0,1,6,128,60.0,4500,90,6.4,1080,16.0,50.0,3,1,0,0,25900
78.0,30,30,2,2.4,2,1,0,0,1,6,128,18.0,5000,90,6.6,1080,8.0,50.0,3,1,0,0,16999
79.0,37,113,14,2.4,2,1,1,0,0,6,64,33.0,5000,90,6.43,1080,13.0,50.0,1,1,0,0,12188
,36,62,6,,2,1,0,0,0,3,32,10.0,5000,60,6.51,720,5.0,8.0,1,1,0,0,8999
68.0,28,79,6,2.3,2,1,0,0,0,4,64,10.0,5000,60,6.53,720,5.0,13.0,3,1,0,0,7499
79.0,30,30,2,2.4,2,1,0,0,1,6,128,33.0,5000,90,6.6,1080,16.0,48.0,3,1,0,0,17999
79.0,30,176,14,3.2,2,1,0,0,1,6,128,80.0,5000,120,6.62,1080,16.0,64.0,3,0,0,1,24999
,25,131,14,,2,1,0,1,1,12,256,80.0,5000,120,6.7,1440,32.0,50.0,3,0,0,1,65499
89.0,40,171,14,3.2,2,1,1,1,1,8,256,200.0,4700,144,6.78,1440,16.0,50.0,3,0,0,1,58990
74.0,36,152,14,2.4,2,1,0,0,0,4,64,18.0,5000,90,6.58,1080,8.0,50.0,2,1,0,0,11999
77.0,37,152,14,2.4,2,1,1,0,0,8,128,18.0,6000,60,6.7,720,5.0,50.0,2,1,0,0,11999
76.0,24,25,2,2.2,2,1,0,0,1,6,128,33.0,5000,90,6.56,720,8.0,50.0,2,1,0,0,18990
77.0,36,152,14,2.4,2,1,0,0,0,4,128,44.0,5000,60,6.44,1080,16.0,50.0,3,1,0,0,14499
66.0,36,91,6,2.3,2,1,0,0,0,3,64,10.0,5000,60,6.51,720,5.0,13.0,2,1,0,0,10499
86.0,24,115,14,2.2,2,1,0,1,1,8,256,33.0,4500,60,6.43,1080,16.0,64.0,3,1,0,0,26990
82.0,36,87,6,2.05,2,1,0,0,0,8,128,44.0,4050,60,6.44,1080,44.0,50.0,3,1,0,0,19990
89.0,37,19,2,2.6,2,1,1,1,1,8,256,120.0,4300,120,6.67,1080,16.0,200.0,3,1,0,0,24999
69.0,24,79,6,2.3,2,1,0,0,0,4,64,33.0,5000,60,6.56,720,8.0,13.0,2,1,0,0,13969
84.0,36,167,14,2.4,2,1,0,0,1,8,128,66.0,4700,90,6.44,1080,16.0,64.0,3,1,0,0,24999
81.0,37,10,2,2.4,2,1,1,0,1,6,128,33.0,5000,90,6.6,1080,16.0,50.0,2,1,0,0,16999
82.0,24,113,14,2.4,2,1,0,0,0,8,128,33.0,4500,90,6.43,1080,32.0,64.0,3,1,0,0,21899
82.0,0,5,1,3.22,2,1,0,1,1,6,256,10.0,3279,60,6.1,1080,12.0,12.0,2,1,1,0,75999
85.0,20,40,2,2.2,2,1,0,1,1,8,256,30.0,5000,120,6.5,1080,16.0,50.0,2,1,0,0,25999
84.0,23,171,14,3.2,2,1,0,1,1,8,128,80.0,6000,120,6.8,1080,16.0,50.0,3,0,0,1,46990
75.0,20,66,6,,2,1,0,0,0,4,64,20.0,5000,60,6.47,1080,13.0,50.0,3,1,0,0,9999
89.0,35,36,2,3.05,2,1,0,1,1,12,256,45.0,5160,120,6.8,1080,32.0,50.0,3,0,0,1,49999
87.0,11,88,6,2.2,2,1,0,1,0,8,128,45.0,4500,90,6.7,1080,60.0,108.0,3,1,0,0,17999
80.0,40,116,14,2.2,2,1,0,0,1,6,128,18.0,5000,120,6.58,1080,16.0,50.0,3,1,0,0,16940
81.0,37,155,14,2.2,2,1,1,0,1,6,64,67.0,5000,120,6.67,1080,16.0,108.0,3,1,0,0,17990
84.0,24,155,14,2.2,2,1,0,1,1,8,128,67.0,4800,120,6.7,1080,16.0,108.0,2,1,0,0,20990
79.0,32,43,3,,2,1,0,1,1,8,128,33.0,4200,120,6.4,1080,32.0,12.0,3,1,0,0,51999
87.0,32,131,14,,2,1,0,1,1,8,128,45.0,4500,120,6.6,1080,10.0,50.0,3,0,0,1,64449
71.0,36,108,14,,2,1,0,0,1,6,64,18.0,5000,90,6.58,1080,8.0,13.0,2,0,0,1,8990
77.0,20,66,6,,2,1,0,1,0,4,128,30.0,5000,90,6.5,720,16.0,50.0,3,1,0,0,19999
79.0,29,25,2,2.2,2,1,1,0,1,6,128,18.0,5000,90,6.58,1080,8.0,50.0,2,1,0,0,13499
78.0,35,35,2,2.4,2,1,0,0,1,8,128,18.0,6000,120,6.9,1080,16.0,50.0,2,1,0,0,15499
65.0,28,79,6,2.3,2,1,0,0,0,3,32,10.0,5000,60,6.53,720,5.0,13.0,3,1,0,0,6499
89.0,32,48,3,2.4,2,1,0,1,1,8,256,25.0,5000,120,6.5,1080,32.0,64.0,1,1,0,0,36499
78.0,11,30,2,2.4,2,1,0,0,1,6,64,33.0,5000,60,6.7,1080,16.0,50.0,2,1,0,0,15999
87.0,24,7,2,,2,1,0,1,1,12,256,65.0,4500,90,6.55,1080,32.0,50.0,3,1,0,0,31994
81.0,31,159,14,2.3,2,1,1,0,0,6,128,67.0,5000,120,6.67,1080,16.0,108.0,1,1,0,0,18999
82.0,32,82,6,,2,1,0,0,0,8,128,15.0,5000,90,6.4,1080,20.0,64.0,1,1,0,0,16499
73.0,11,83,6,,2,1,0,0,0,4,64,33.0,5000,60,6.7,1080,8.0,50.0,2,1,0,0,9999
77.0,37,25,2,2.2,2,1,1,0,1,6,128,18.0,5000,90,6.58,1080,5.0,50.0,2,1,0,0,15990
86.0,37,0,14,2.2,2,1,1,0,1,8,128,67.0,5000,120,6.67,1080,16.0,108.0,3,1,0,0,22700
89.0,37,169,14,,2,1,1,1,1,8,256,120.0,4600,120,6.73,1440,32.0,50.0,3,0,0,1,50990
79.0,0,5,1,3.22,2,1,0,1,1,4,128,10.0,2438,60,5.4,1080,12.0,12.0,2,1,1,0,64900
77.0,35,85,6,,2,1,0,0,0,6,128,33.0,7000,90,6.9,1080,8.0,50.0,3,1,0,0,13799
65.0,30,188,16,1.82,2,1,0,0,0,4,64,10.0,5000,60,6.52,720,5.0,13.0,3,1,0,0,8999
84.0,36,10,2,2.4,2,1,0,0,1,8,128,44.0,4050,60,6.44,1080,44.0,50.0,3,1,0,0,21994
75.0,37,24,2,2.2,2,1,1,0,1,4,64,18.0,5000,90,6.5,1080,8.0,48.0,3,1,0,0,12999
83.0,40,34,2,3.1,2,1,0,1,1,8,128,120.0,5000,120,6.78,1080,16.0,64.0,3,1,0,0,24990
82.0,32,113,14,2.4,2,1,0,0,0,8,128,25.0,5000,60,6.6,1080,8.0,50.0,1,1,0,0,19990
82.0,37,19,2,2.6,2,1,1,0,1,8,128,67.0,5000,120,6.67,1080,16.0,50.0,3,0,0,1,26999
81.0,37,167,14,2.4,2,1,1,1,1,8,128,67.0,5000,120,6.67,1080,16.0,50.0,3,1,0,0,19999
83.0,11,71,6,2.2,2,1,0,0,0,8,256,33.0,5000,60,6.7,1080,16.0,108.0,2,1,0,0,16900
78.0,11,29,2,2.4,2,1,0,0,1,6,128,18.0,5000,120,6.6,1080,8.0,50.0,1,1,0,0,19999
75.0,32,44,3,,2,1,0,0,0,6,128,15.0,6000,60,6.6,1080,8.0,50.0,3,1,0,0,12999
82.0,29,10,2,2.4,2,1,1,0,1,8,128,33.0,5000,90,6.6,1080,16.0,50.0,2,1,0,0,15999
82.0,37,86,6,2.05,2,1,1,0,0,8,128,33.0,5000,60,6.43,1080,13.0,64.0,1,1,0,0,13999
61.0,30,103,11,1.6,2,1,0,0,0,4,64,10.0,5000,60,6.52,720,5.0,8.0,1,1,0,0,7749
81.0,32,155,14,2.2,2,1,0,0,1,8,128,25.0,5000,120,6.6,1080,8.0,50.0,1,1,0,0,24999
82.0,24,115,14,2.2,2,1,0,0,1,8,128,33.0,4500,60,6.43,1080,16.0,64.0,3,1,0,0,25895
89.0,37,171,14,3.2,2,1,1,1,1,8,128,67.0,4500,120,6.36,1080,32.0,50.0,3,0,0,1,46990
64.0,37,64,6,,2,1,0,0,0,3,32,10.0,5000,60,6.53,720,5.0,13.0,1,1,0,0,7499
60.0,36,91,6,2.3,2,1,0,0,0,2,32,10.0,5000,60,6.51,720,5.0,8.0,1,1,0,0,7790
85.0,37,11,2,2.85,2,1,1,0,1,8,256,67.0,5080,144,6.6,1080,16.0,64.0,3,0,0,1,25999
60.0,30,188,16,1.82,2,1,0,0,0,3,32,10.0,5000,60,6.5,720,5.0,8.0,1,1,0,0,6299
75.0,37,152,14,2.4,2,1,0,0,0,6,128,18.0,6000,60,6.7,720,5.0,50.0,2,1,0,0,11999
83.0,37,128,14,2.4,2,1,1,1,1,6,128,33.0,4250,90,6.55,1080,20.0,64.0,3,1,0,0,21890
75.0,32,99,8,,2,1,0,0,0,4,128,25.0,5000,60,6.6,1080,8.0,50.0,1,1,0,0,14999
85.0,24,35,2,,2,1,0,1,1,8,256,65.0,4500,90,6.43,1080,32.0,64.0,3,1,0,0,25994
85.0,25,138,14,2.84,2,1,0,1,1,8,128,10.0,4500,120,6.62,1080,16.0,50.0,3,0,0,1,42999
89.0,32,48,3,2.4,2,1,0,1,1,8,128,25.0,5000,120,6.5,1080,32.0,64.0,1,1,0,0,33499
,32,131,14,,2,1,0,1,1,12,512,45.0,5000,120,6.8,1440,40.0,108.0,1,0,0,1,118999
80.0,20,155,14,2.2,2,1,0,1,1,6,128,33.0,5000,60,6.4,1080,16.0,50.0,3,1,0,0,16999
,41,100,9,1.3,2,1,0,0,0,2,32,10.0,4000,60,6.6,1440,8.0,8.0,3,1,0,0,6990
71.0,32,23,2,2.2,2,1,0,0,1,4,64,15.0,5000,90,6.5,720,5.0,50.0,2,1,0,0,12944
84.0,28,37,2,3.2,2,1,1,1,1,8,128,80.0,5000,144,6.7,1080,32.0,64.0,3,1,0,0,29990
80.0,9,155,14,2.2,2,1,0,1,1,8,128,66.0,4800,60,6.81,1080,16.0,48.0,3,0,0,1,16999
89.0,40,171,14,3.2,2,1,0,1,1,16,256,120.0,5000,144,6.78,1440,16.0,50.0,3,0,0,1,64999
83.0,0,5,1,3.22,2,1,0,1,1,6,256,10.0,4325,60,6.7,1080,12.0,12.0,2,1,1,0,84999
85.0,32,41,3,2.4,2,1,0,1,1,8,128,25.0,5000,90,6.4,1080,13.0,48.0,1,1,0,0,27499
69.0,35,80,6,2.3,2,1,0,0,0,6,128,10.0,5000,90,6.6,720,8.0,13.0,1,1,0,0,8999
84.0,8,61,5,2.8,2,1,0,1,1,8,128,30.0,4614,90,6.4,1080,8.0,50.0,2,0,0,1,40480
81.0,37,165,14,2.3,2,1,1,0,0,6,128,33.0,5020,120,6.67,1080,16.0,64.0,1,1,0,0,17999
,32,42,3,2.9,2,1,0,1,1,12,256,25.0,5000,120,6.8,1440,40.0,108.0,1,0,0,1,105999
67.0,11,80,6,2.3,2,1,0,0,0,4,64,18.0,6000,90,6.82,720,8.0,13.0,1,1,0,0,8999
77.0,36,152,14,2.4,2,1,0,0,0,6,128,18.0,5000,90,6.58,1080,8.0,50.0,2,1,0,0,14999
82.0,24,115,14,2.2,2,1,0,0,1,8,128,33.0,4500,90,6.5,1080,32.0,64.0,3,1,0,0,19990
80.0,40,127,14,2.4,2,1,0,0,1,8,128,66.0,4700,90,6.44,1080,16.0,64.0,3,1,0,0,23399
,32,167,14,2.4,2,1,0,1,1,8,256,25.0,5000,120,6.7,1080,32.0,108.0,1,1,0,0,41990
82.0,30,127,14,2.4,2,1,0,0,1,8,128,30.0,5000,144,6.6,1080,16.0,48.0,3,1,0,0,22998
82.0,29,136,14,3.2,2,1,0,1,1,6,128,67.0,4500,120,6.67,1080,20.0,64.0,3,0,0,1,25999
74.0,11,85,6,,2,1,0,0,0,4,64,33.0,5000,60,6.7,2160,16.0,50.0,2,1,0,0,11700
,32,194,17,1.6,2,1,0,0,0,2,32,10.0,5000,60,6.5,720,5.0,8.0,1,1,0,0,6499
84.0,20,122,14,2.3,2,1,0,1,0,6,128,20.0,6000,120,6.78,1080,32.0,108.0,3,1,0,0,15999
89.0,25,178,14,2.84,2,1,0,1,1,8,128,65.0,4500,120,6.7,1440,16.0,48.0,1,1,0,0,64800
80.0,37,70,6,2.05,2,1,1,0,0,6,64,33.0,5000,90,6.43,1080,16.0,108.0,1,1,0,0,14590
68.0,37,79,6,2.3,2,1,0,0,0,4,64,10.0,5000,60,6.53,720,5.0,13.0,2,1,0,0,7499
82.0,35,30,2,2.4,2,1,0,1,1,8,128,33.0,5000,120,6.8,1080,16.0,64.0,3,0,0,1,21999
71.0,32,91,6,2.3,2,1,0,0,0,4,64,10.0,5000,60,6.5,720,5.0,50.0,2,1,0,0,11999
79.0,28,87,6,2.05,2,1,1,0,0,6,128,33.0,5000,90,6.43,1080,16.0,64.0,3,1,0,0,12999
81.0,25,155,14,2.2,2,1,0,1,1,6,128,33.0,4500,60,6.43,1080,16.0,64.0,3,1,0,0,20990
79.0,0,5,1,3.22,2,1,0,1,1,4,256,10.0,3240,60,6.1,1080,12.0,12.0,2,1,1,0,72999
,26,171,14,3.2,2,1,0,1,1,12,256,120.0,4700,120,6.78,1080,32.0,50.0,3,0,0,1,77990
75.0,20,65,6,2.3,2,1,0,0,0,4,64,20.0,5000,90,6.53,720,16.0,50.0,1,1,0,0,9499
66.0,37,78,6,,2,1,0,0,0,4,64,10.0,5000,60,6.53,720,5.0,13.0,1,1,0,0,7499
,12,101,10,1.3,2,1,0,0,0,2,32,10.0,3500,60,5.45,720,8.0,13.0,1,1,0,0,4649
62.0,36,90,6,,2,1,0,0,0,4,32,10.0,4030,60,6.2,1440,8.0,13.0,2,1,0,0,18000
85.0,37,171,14,3.2,2,1,1,1,1,8,128,120.0,5000,120,6.67,1440,16.0,54.0,3,0,0,1,38999
,30,200,17,1.6,2,1,0,0,0,2,32,10.0,5000,60,6.5,720,5.0,8.0,1,1,0,0,7145
77.0,36,152,14,2.4,2,1,0,0,0,8,128,18.0,5000,90,6.55,1440,8.0,50.0,2,1,0,0,14990
70.0,24,79,6,2.3,2,1,0,0,0,4,64,33.0,5000,60,6.56,720,8.0,50.0,1,1,0,0,15499
69.0,37,78,6,,2,1,1,0,0,6,128,10.0,5000,60,6.53,720,5.0,13.0,1,1,0,0,9999
86.0,29,136,14,3.2,2,1,0,1,1,12,256,67.0,4500,120,6.67,1080,20.0,64.0,3,0,0,1,29999
84.0,30,152,14,2.4,2,1,0,0,0,8,128,33.0,5000,90,6.4,1080,16.0,108.0,3,1,0,0,15999
65.0,35,80,6,2.3,2,1,0,0,0,4,64,10.0,5000,90,6.6,720,8.0,13.0,1,1,0,0,7999
88.0,32,42,3,2.9,2,1,0,1,1,8,256,25.0,4500,120,6.4,1080,32.0,12.0,3,1,0,0,43999
83.0,37,10,2,2.4,2,1,1,0,1,8,128,33.0,5000,90,6.6,1080,16.0,50.0,2,1,0,0,18499
,34,178,14,2.84,2,1,0,1,1,12,512,30.0,4500,120,6.5,1440,8.0,12.0,3,1,0,0,134999
80.0,29,122,14,2.3,2,1,1,0,0,6,64,33.0,6000,120,6.67,1080,20.0,64.0,1,1,0,0,13499
86.0,32,58,3,2.73,2,1,0,1,0,8,128,25.0,4500,120,6.5,1080,32.0,12.0,3,1,0,0,35489
78.0,30,18,2,2.2,2,1,0,0,1,6,128,66.0,4200,90,6.4,1080,16.0,50.0,3,1,0,0,24999
82.0,24,113,14,2.4,2,1,0,0,0,8,128,33.0,4500,90,6.5,1080,32.0,64.0,3,1,0,0,20999
84.0,30,138,14,2.84,2,1,0,1,1,8,128,65.0,5000,120,6.62,1080,16.0,50.0,3,0,0,1,28994
88.0,32,42,3,2.9,2,1,0,1,1,8,128,25.0,4000,120,6.2,1080,10.0,64.0,3,0,0,1,48900
86.0,32,162,14,2.2,2,1,0,0,0,8,128,25.0,4500,60,6.7,1080,32.0,64.0,1,1,0,0,22494
61.0,36,91,6,2.3,2,1,0,0,0,3,32,10.0,5000,60,6.51,720,5.0,8.0,1,1,0,0,8990
,17,192,17,,2,1,0,0,0,4,32,10.0,4000,60,6.5,720,8.0,13.0,1,0,0,1,6999
63.0,35,197,17,,2,1,0,0,0,4,64,10.0,5000,90,6.6,720,8.0,13.0,1,1,0,0,8890
82.0,40,116,14,2.2,2,1,0,0,1,8,128,18.0,5000,120,6.58,1080,16.0,50.0,3,1,0,0,18498
81.0,36,167,14,2.4,2,1,0,0,1,6,128,66.0,4700,90,6.44,1080,16.0,64.0,3,1,0,0,23999
81.0,30,16,2,2.5,2,1,0,0,1,8,128,60.0,4500,90,6.4,1080,16.0,50.0,3,1,0,0,22994
71.0,32,53,3,,2,1,0,0,0,4,64,15.0,5000,90,6.5,720,5.0,50.0,3,1,0,0,12990
78.0,30,113,14,2.4,2,1,0,0,0,6,128,33.0,5000,90,6.6,1080,16.0,50.0,3,1,0,0,14999
80.0,30,25,2,2.2,2,1,0,0,1,8,128,18.0,5000,90,6.5,1080,16.0,48.0,3,1,0,0,18499
78.0,24,148,14,,2,1,0,0,0,6,128,33.0,5000,60,6.4,1080,16.0,48.0,3,1,0,0,14990
75.0,32,82,6,,2,1,0,0,0,4,64,15.0,6000,90,6.4,1080,20.0,64.0,1,1,0,0,12120
84.0,27,86,6,,2,1,0,1,0,8,256,33.0,21000,60,6.78,1080,16.0,64.0,3,1,0,0,29990
82.0,30,115,14,2.2,2,1,0,0,1,8,128,33.0,5000,120,6.6,1080,16.0,64.0,3,1,0,0,20999
80.0,37,160,14,2.3,2,1,1,0,0,6,128,18.0,5020,60,6.67,1080,16.0,48.0,1,1,0,0,11999
73.0,32,25,2,2.2,2,1,0,1,1,4,64,15.0,5000,90,6.5,720,5.0,50.0,3,1,0,0,17990
77.0,37,10,2,2.4,2,1,1,0,1,4,128,33.0,5000,90,6.6,1080,16.0,50.0,2,1,0,0,14990
,41,181,15,1.3,2,1,0,0,0,1,16,10.0,5000,60,6.5,1440,8.0,8.0,2,0,0,1,6490
79.0,0,4,1,,2,1,0,1,1,8,128,10.0,4700,120,6.73,1080,12.0,48.0,3,1,1,0,149900
,29,76,6,,2,1,0,0,0,2,32,10.0,5000,60,6.52,720,5.0,8.0,1,1,0,0,6499
75.0,30,113,14,2.4,2,1,0,0,0,4,128,33.0,5000,90,6.6,1080,16.0,50.0,3,1,0,0,13999
79.0,37,10,2,2.4,2,1,1,0,1,6,64,33.0,5000,90,6.6,1080,16.0,50.0,2,1,0,0,16999
,36,131,14,,2,1,0,1,1,12,256,80.0,4700,120,6.78,1440,32.0,50.0,1,1,0,0,79999
87.0,24,21,2,,2,1,0,1,1,12,256,65.0,4500,90,6.55,1080,32.0,64.0,1,1,0,0,36760
81.0,37,16,2,2.5,2,1,1,0,1,6,128,67.0,5160,120,6.67,2160,16.0,108.0,3,1,0,0,23499
87.0,1,171,14,3.2,2,1,0,1,1,18,256,120.0,6000,165,6.8,1080,32.0,64.0,3,1,0,0,75990
76.0,26,133,14,2.4,2,1,0,0,1,6,128,33.0,5000,90,6.56,720,8.0,48.0,2,1,0,0,21990
80.0,30,127,14,2.4,2,1,0,0,1,6,128,30.0,5000,144,6.6,1080,16.0,48.0,3,1,0,0,18999
66.0,32,197,17,1.6,2,1,0,0,0,3,32,15.0,5000,60,6.5,720,5.0,48.0,2,1,0,0,7249
75.0,25,108,14,,2,1,0,1,1,4,64,18.0,5000,90,6.49,1080,16.0,13.0,3,1,0,0,16990
80.0,37,176,14,3.2,2,1,1,0,1,6,128,33.0,4520,120,6.67,1080,20.0,48.0,3,0,0,1,23890
83.0,24,35,2,,2,1,0,1,1,8,128,65.0,4300,90,6.43,1080,32.0,64.0,3,1,0,0,26380
70.0,37,64,6,,2,1,0,0,0,6,128,10.0,5000,60,6.53,720,5.0,13.0,1,1,0,0,10850
81.0,31,167,14,2.4,2,1,1,1,1,6,128,67.0,5000,120,6.67,1080,16.0,108.0,3,1,0,0,19999
76.0,0,3,1,,2,1,0,1,1,6,256,10.0,3200,120,6.1,1080,12.0,48.0,3,1,1,0,129990
81.0,20,155,14,2.2,2,1,0,1,1,6,128,33.0,5000,120,6.5,1080,16.0,108.0,3,1,0,0,19990
88.0,9,129,14,2.5,2,1,0,1,1,12,512,66.0,4800,120,6.67,1080,32.0,54.0,3,0,0,1,39990
,25,131,14,,2,1,0,1,1,12,512,80.0,5000,120,6.7,1440,32.0,50.0,3,0,0,1,74999
76.0,24,79,6,2.3,2,1,0,0,0,6,128,18.0,5000,60,6.51,720,16.0,50.0,3,1,0,0,14700
86.0,37,138,14,2.84,2,1,1,1,1,8,128,120.0,5000,120,6.67,1080,16.0,108.0,3,0,0,1,34990
75.0,37,151,14,2.2,2,1,1,0,0,4,64,33.0,5000,60,6.43,1080,13.0,48.0,1,1,0,0,13990
79.0,32,82,6,,2,1,0,0,0,6,128,15.0,6000,90,6.4,1080,20.0,64.0,1,1,0,0,14859
84.0,35,87,6,2.05,2,1,0,1,0,8,128,33.0,5000,120,6.8,1080,32.0,64.0,3,1,0,0,17999
85.0,2,10,2,2.4,2,1,0,1,1,8,128,10.0,5000,60,6.8,1080,16.0,48.0,1,1,0,0,14990
65.0,24,90,6,,2,1,0,0,0,3,32,10.0,4230,60,6.52,720,5.0,13.0,1,1,0,0,8999
71.0,20,80,6,2.3,2,1,0,0,0,4,64,10.0,5000,90,6.5,720,8.0,50.0,2,1,0,0,8999
84.0,37,70,6,2.05,2,1,1,0,0,8,128,33.0,5000,90,6.43,1080,16.0,108.0,1,1,0,0,15824
86.0,32,119,14,2.3,2,1,0,0,0,8,128,25.0,4500,90,6.5,1080,32.0,64.0,1,1,0,0,22494
82.0,29,173,14,2.96,2,1,1,0,0,6,128,33.0,5160,120,6.67,1080,20.0,48.0,1,1,0,0,19650
61.0,37,78,6,,2,1,0,0,0,2,32,10.0,5000,60,6.53,720,5.0,13.0,1,1,0,0,6999
80.0,32,82,6,,2,1,0,0,0,6,128,15.0,5000,90,6.4,1080,20.0,64.0,1,1,0,0,16499
75.0,20,83,6,,2,1,0,1,0,4,128,10.0,5000,90,6.5,720,8.0,50.0,3,1,0,0,15999
88.0,1,37,2,3.2,2,1,0,1,1,16,256,65.0,6000,165,6.78,1080,12.0,50.0,3,1,0,0,72999
84.0,37,19,2,2.6,2,1,1,0,1,6,128,120.0,4980,120,6.67,1080,16.0,200.0,3,1,0,0,26999
,11,76,6,,2,1,0,0,0,2,32,10.0,5000,60,6.6,720,5.0,8.0,1,1,0,0,6999
71.0,30,184,16,1.8,2,1,0,0,0,4,128,18.0,5000,90,6.6,1080,8.0,50.0,3,1,0,0,12787
72.0,11,80,6,2.3,2,1,0,0,0,4,64,18.0,6000,90,6.82,720,8.0,50.0,2,1,0,0,9999
86.0,36,15,2,3.05,2,1,0,0,1,8,128,80.0,4500,120,6.78,1080,32.0,50.0,3,1,0,0,54999
79.0,36,82,6,,2,1,0,0,0,8,128,19.0,5000,60,6.58,1080,16.0,64.0,3,1,0,0,15490
68.0,32,91,6,2.3,2,1,0,0,0,4,128,15.0,5000,60,6.5,720,5.0,13.0,2,1,0,0,9499
70.0,31,66,6,,2,1,0,0,0,4,64,10.0,5000,60,6.71,720,5.0,50.0,1,1,0,0,7999
73.0,34,74,6,2.3,1,1,0,1,0,4,64,10.0,4000,60,6.2,720,8.0,13.0,3,1,0,0,15990
85.0,40,138,14,2.84,2,1,0,1,1,12,256,66.0,4500,120,6.62,1080,16.0,48.0,3,0,0,1,34949
72.0,35,84,6,,2,1,0,0,0,4,64,33.0,5000,60,6.8,1080,8.0,48.0,1,1,0,0,8799
74.0,37,85,6,,2,1,1,0,0,4,64,18.0,6000,90,6.5,1080,8.0,50.0,1,1,0,0,12390
73.0,32,82,6,,2,1,0,0,0,4,64,10.0,6000,90,6.4,720,13.0,48.0,1,1,0,0,11499
86.0,24,36,2,3.05,2,1,0,1,1,16,256,120.0,5000,120,6.73,1080,32.0,50.0,2,0,0,1,42990
82.0,23,132,14,3.2,2,1,0,1,1,8,128,80.0,5000,144,6.67,1080,16.0,64.0,2,0,0,1,34999
75.0,32,53,3,,2,1,0,1,0,4,128,15.0,6000,60,6.6,2160,8.0,50.0,3,1,0,0,11999
70.0,21,201,17,1.6,2,1,0,0,0,4,64,10.0,5000,90,6.52,720,8.0,50.0,2,1,0,0,10499
66.0,11,187,16,1.82,2,1,0,0,0,4,64,18.0,6000,90,6.82,1440,8.0,13.0,1,1,0,0,8910
85.0,36,136,14,3.2,2,1,0,0,1,8,128,80.0,4700,120,6.62,1080,16.0,64.0,3,1,0,0,24990
84.0,24,116,14,2.2,2,1,0,1,1,8,128,33.0,4500,60,6.43,1080,16.0,64.0,3,1,0,0,17999
86.0,37,128,14,2.4,2,1,1,1,1,8,128,33.0,4250,90,6.55,1080,20.0,64.0,3,1,0,0,22999
,30,195,17,1.6,2,1,0,0,0,2,32,10.0,5000,60,6.5,720,5.0,8.0,1,1,0,0,6490
85.0,11,69,6,2.05,2,1,0,0,1,8,128,45.0,4500,120,6.67,1080,16.0,108.0,3,1,0,0,21990
76.0,32,82,6,,2,1,0,0,0,4,64,15.0,6000,90,6.4,1080,20.0,64.0,1,1,0,0,12364
77.0,37,172,14,2.8,2,1,0,0,0,6,64,10.0,4000,60,6.18,1080,20.0,12.0,2,1,0,0,11999
,36,89,6,1.3,2,0,0,0,0,1,16,10.0,1900,60,4.5,720,2.0,5.0,1,1,0,0,7499
60.0,18,146,14,1.5,2,1,0,0,0,3,32,10.0,3500,60,5.5,1080,5.0,13.0,2,1,0,0,3990
65.0,20,186,16,,2,1,0,0,0,2,64,10.0,5000,60,6.5,720,5.0,13.0,1,1,0,0,10499
,35,76,6,,2,1,0,0,0,2,32,10.0,5000,60,6.56,720,5.0,8.0,1,1,0,0,6299
84.0,32,35,2,,2,1,0,1,1,6,128,33.0,7000,60,6.7,1080,32.0,64.0,1,1,0,0,21999
80.0,40,113,14,2.4,2,1,0,0,0,6,128,44.0,5000,120,6.44,1080,16.0,50.0,3,1,0,0,15999
86.0,34,175,14,2.84,2,1,0,1,1,8,128,21.0,4000,120,6.1,1080,8.0,12.0,3,1,0,0,69990
71.0,36,91,6,2.3,2,1,0,0,0,4,128,10.0,5000,60,6.35,720,16.0,13.0,3,1,0,0,12990
,34,169,14,,2,1,0,1,1,12,512,30.0,5000,120,6.5,1440,12.0,12.0,1,1,0,0,92980
74.0,35,88,6,2.2,2,1,0,0,0,8,256,45.0,6000,90,6.66,720,8.0,50.0,1,1,0,0,15999
84.0,10,105,13,2.4,2,1,0,1,0,8,256,66.0,4500,90,6.67,1080,16.0,108.0,3,1,0,0,23999
75.0,36,152,14,2.4,2,1,0,0,0,4,128,18.0,5000,90,6.58,1080,8.0,50.0,2,1,0,0,12999
67.0,20,80,6,1.8,2,1,0,0,0,4,64,18.0,5000,90,6.5,720,8.0,16.0,3,1,0,0,8859
84.0,40,176,14,3.2,2,1,1,0,1,12,256,80.0,4700,120,6.62,1080,16.0,64.0,3,0,0,1,33749
84.0,28,31,2,2.85,2,1,1,1,1,8,128,67.0,5080,144,6.6,1080,16.0,64.0,3,1,0,0,24990
76.0,30,30,2,2.4,2,1,0,0,1,4,128,33.0,5000,90,6.6,1080,16.0,48.0,3,1,0,0,14999
76.0,36,18,2,2.2,2,1,0,0,1,6,128,80.0,4500,120,6.64,1080,8.0,50.0,2,1,0,0,17990
75.0,9,35,2,,2,1,0,0,1,8,128,66.0,4300,120,6.67,1080,16.0,64.0,3,0,0,1,24990
74.0,37,88,6,2.2,2,1,1,0,0,4,64,18.0,5000,90,6.58,1080,8.0,50.0,3,1,0,0,11600
62.0,30,188,16,1.82,2,1,0,0,0,3,32,10.0,5000,60,6.52,720,5.0,13.0,3,1,0,0,8299
78.0,20,66,6,,2,1,0,0,0,6,128,20.0,5000,60,6.47,1080,13.0,50.0,3,1,0,0,11999
77.0,25,172,14,2.8,2,1,0,1,0,8,128,10.0,3300,60,6.28,1080,16.0,20.0,2,1,0,0,27999
60.0,37,76,6,,2,1,0,0,0,2,32,10.0,5000,60,6.52,720,5.0,8.0,2,1,0,0,7289
86.0,9,129,14,2.5,2,1,0,1,1,8,256,66.0,4800,120,6.67,1080,32.0,54.0,3,0,0,1,30990
77.0,30,87,6,,2,1,0,0,0,6,128,33.0,5000,120,6.6,1080,16.0,50.0,3,1,0,0,15499
66.0,36,92,6,2.3,2,1,0,0,0,3,32,10.0,5000,60,6.51,720,8.0,13.0,2,1,0,0,8499
80.0,32,82,6,,2,1,0,0,0,6,128,15.0,6000,90,6.4,1080,20.0,64.0,1,1,0,0,14490
80.0,32,25,2,2.2,2,1,0,0,1,6,128,15.0,5000,90,6.6,1080,8.0,64.0,3,1,0,0,15490
78.0,30,155,14,2.2,2,1,0,0,1,6,128,60.0,5000,120,6.6,1080,16.0,50.0,3,1,0,0,14990
75.0,28,25,2,2.2,2,1,1,0,1,4,64,18.0,5000,90,6.5,1080,8.0,48.0,3,1,0,0,15999
,25,132,14,3.2,2,1,0,1,1,12,256,150.0,4800,144,6.73,1440,32.0,108.0,3,0,0,1,69999
86.0,37,19,2,2.6,2,1,1,1,1,8,256,210.0,4300,120,6.67,1080,16.0,200.0,3,1,0,0,26990
71.0,32,44,3,,2,1,0,0,0,4,64,15.0,6000,60,6.6,1080,8.0,50.0,3,1,0,0,10630
77.0,36,22,2,,2,1,0,0,1,8,128,10.0,4500,90,6.58,1080,16.0,50.0,3,1,0,0,24990
77.0,40,113,14,2.4,2,1,0,0,0,4,128,44.0,5000,120,6.44,1080,16.0,50.0,3,1,0,0,14489
73.0,24,114,14,2.4,2,1,0,0,0,6,128,33.0,5000,90,6.56,720,8.0,13.0,2,1,0,0,16490
82.0,30,16,2,2.5,2,1,0,0,1,8,256,60.0,4500,90,6.4,1080,16.0,50.0,3,1,0,0,24494
61.0,36,91,6,2.3,2,1,0,0,0,2,32,10.0,5000,60,6.51,720,5.0,8.0,1,1,0,0,7999
89.0,30,169,14,,2,1,0,1,1,8,128,65.0,5000,120,6.7,1440,32.0,50.0,3,0,0,1,49959
83.0,0,5,1,3.22,2,1,0,1,1,6,256,10.0,3095,120,6.1,1080,12.0,12.0,3,1,1,0,129900
80.0,36,86,6,2.05,2,1,0,0,0,8,128,33.0,4000,60,6.44,1080,16.0,64.0,3,1,0,0,19990
85.0,36,120,14,2.3,2,1,0,0,0,8,128,33.0,4000,60,6.44,1080,44.0,64.0,3,1,0,0,23269
75.0,37,160,14,2.3,2,1,1,0,0,4,64,18.0,5020,60,6.67,1080,16.0,48.0,1,1,0,0,13999
85.0,25,32,2,2.85,2,1,0,1,1,8,128,80.0,5000,120,6.7,1080,16.0,50.0,3,0,0,1,35389
62.0,21,195,17,1.6,2,1,0,0,0,3,32,10.0,5050,60,6.74,720,5.0,13.0,3,1,0,0,9499
76.0,11,189,16,,2,1,0,0,0,8,128,18.0,5000,90,6.6,720,8.0,50.0,1,1,0,0,12340
74.0,29,88,6,2.2,2,1,1,0,0,4,64,18.0,5000,90,6.58,1080,8.0,50.0,3,1,0,0,10799
73.0,37,152,14,2.4,2,1,0,0,0,4,128,18.0,6000,60,6.7,720,5.0,50.0,2,1,0,0,14990
89.0,38,169,14,,2,1,0,1,1,8,128,65.0,5000,120,6.8,1080,16.0,64.0,3,0,0,1,61990
,37,169,14,,2,1,1,1,1,12,256,120.0,4600,120,6.73,1440,32.0,50.0,3,0,0,1,51880
80.0,24,152,14,2.4,2,1,0,0,0,8,128,33.0,5000,90,6.59,1080,16.0,50.0,3,1,0,0,16990
84.0,10,113,14,2.4,2,1,0,1,0,8,128,66.0,4000,90,6.78,1080,16.0,108.0,1,1,0,0,19990
87.0,32,131,14,,2,1,0,1,1,8,256,25.0,3700,120,6.1,1080,10.0,50.0,3,0,0,1,57999
87.0,16,131,14,,2,1,0,1,1,12,256,68.0,5600,144,6.92,1080,16.0,64.0,2,0,0,1,46990
77.0,36,25,2,2.2,2,1,0,1,1,4,128,18.0,5000,60,6.58,1080,8.0,50.0,3,1,0,0,20990
82.0,21,108,14,,2,1,0,1,1,6,128,18.0,4470,60,6.67,1080,16.0,48.0,1,1,0,0,17990
82.0,30,10,2,2.4,2,1,0,0,1,8,128,33.0,5000,90,6.5,1080,16.0,64.0,3,1,0,0,17499
80.0,30,10,2,2.4,2,1,0,0,1,6,128,33.0,5000,90,6.5,1080,16.0,64.0,3,1,0,0,17999
,21,136,14,3.2,2,1,0,0,1,8,128,44.0,6000,144,6.51,1080,32.0,200.0,1,1,0,0,49990
74.0,29,155,14,2.2,2,1,1,0,1,4,128,33.0,5000,120,6.67,1080,8.0,48.0,3,1,0,0,14999
82.0,37,122,14,2.3,2,1,1,0,0,6,128,33.0,5020,120,6.67,1080,16.0,108.0,1,1,0,0,19980
85.0,40,176,14,3.2,2,1,0,1,1,12,256,66.0,4400,120,6.62,1080,16.0,48.0,3,0,0,1,35990
78.0,30,86,6,,2,1,0,0,0,4,128,30.0,5000,60,6.4,1080,16.0,64.0,1,1,0,0,15999
88.0,32,46,3,2.73,2,1,0,1,0,8,128,25.0,4000,120,6.2,1440,10.0,64.0,3,1,0,0,41999
83.0,37,34,2,3.1,2,1,1,1,1,8,128,67.0,5500,120,6.67,1440,20.0,48.0,3,0,0,1,25999
65.0,20,80,6,1.8,2,1,0,0,0,3,32,18.0,5000,90,6.5,720,8.0,16.0,3,1,0,0,7990
84.0,25,8,2,,2,1,0,1,1,8,128,80.0,4500,90,6.43,1080,32.0,50.0,3,0,0,1,29990
83.0,24,117,14,2.36,2,1,0,0,1,8,128,65.0,4500,90,6.43,1080,16.0,50.0,1,1,0,0,27990
68.0,24,90,6,,2,1,0,0,0,4,64,10.0,4230,60,6.52,720,5.0,13.0,1,1,0,0,8999
81.0,28,87,6,2.05,2,1,1,0,0,8,128,33.0,5000,90,6.43,1080,16.0,64.0,3,1,0,0,13999
71.0,30,66,6,,2,1,0,0,0,4,64,18.0,6000,60,6.5,720,8.0,50.0,3,1,0,0,11499
84.0,30,128,14,2.4,2,1,0,1,1,8,128,65.0,4300,120,6.43,1080,32.0,64.0,3,0,0,1,27999
79.0,32,26,2,,2,1,0,1,1,6,128,15.0,5000,90,6.5,720,13.0,48.0,1,1,0,0,24499
86.0,23,171,14,3.2,2,1,0,1,1,12,256,165.0,5000,120,6.8,1080,16.0,50.0,3,0,0,1,60999
80.0,37,160,14,2.3,2,1,1,0,0,6,64,33.0,5020,60,6.67,1080,32.0,64.0,1,1,0,0,16490
83.0,32,119,14,2.3,2,1,0,0,0,6,128,25.0,4500,90,6.5,1080,32.0,64.0,1,1,0,0,24990
,18,179,14,1.1,2,1,0,0,0,1,8,10.0,2000,60,4.5,720,2.0,5.0,1,1,0,0,1999
66.0,32,91,6,2.3,2,1,0,0,0,3,64,10.0,5000,60,6.5,720,5.0,13.0,2,1,0,0,9950
75.0,26,29,2,2.4,2,1,0,0,1,8,128,10.0,5000,60,6.56,720,8.0,13.0,2,1,0,0,12999
83.0,26,88,6,2.2,2,1,0,1,0,8,256,66.0,5000,120,6.67,1080,16.0,50.0,3,1,0,0,19999
84.0,24,168,14,2.5,2,1,0,1,1,8,256,120.0,5000,120,6.73,1080,32.0,50.0,3,0,0,1,32999
81.0,21,115,14,2.2,2,1,0,1,1,6,128,20.0,4500,120,6.58,1080,8.0,50.0,3,1,0,0,28498
71.0,24,79,6,2.3,2,1,0,0,0,4,128,33.0,5000,60,6.56,720,8.0,50.0,1,1,0,0,15998
89.0,20,171,14,3.2,2,1,0,1,1,8,128,125.0,4800,165,6.7,1080,60.0,50.0,3,0,0,1,59990
78.0,26,155,14,2.2,2,1,0,0,1,6,128,67.0,5000,120,6.59,1080,16.0,64.0,3,0,0,1,16990
82.0,40,127,14,2.4,2,1,0,0,1,12,256,66.0,4700,90,6.44,1080,16.0,64.0,3,1,0,0,27999
75.0,21,197,17,1.6,2,1,0,0,0,6,128,18.0,5050,90,6.5,720,8.0,50.0,3,1,0,0,13499
78.0,32,99,8,,2,1,0,0,0,6,128,25.0,5000,60,6.6,1080,8.0,50.0,1,1,0,0,16499
66.0,24,79,6,2.3,2,1,0,0,0,4,64,10.0,4230,60,6.52,720,5.0,13.0,1,1,0,0,10999
71.0,37,152,14,2.4,2,1,0,0,0,4,64,18.0,6000,60,6.7,720,5.0,50.0,2,1,0,0,13990
74.0,35,66,6,,2,1,0,0,0,4,64,18.0,5000,90,6.6,1080,32.0,48.0,3,1,0,0,9999
83.0,30,11,2,2.85,2,1,0,1,1,8,128,80.0,5000,120,6.7,1080,16.0,50.0,3,0,0,1,31994
83.0,37,16,2,2.5,2,1,1,0,1,6,128,120.0,4500,120,6.67,2160,16.0,108.0,3,1,0,0,24820
83.0,40,176,14,3.2,2,1,0,0,1,8,128,80.0,4700,120,6.62,1080,16.0,64.0,3,1,0,0,22990
88.0,40,169,14,,2,1,0,1,1,8,256,120.0,4700,120,6.78,1440,16.0,50.0,3,0,0,1,59990
62.0,30,195,17,1.6,2,1,0,0,0,4,64,10.0,5000,60,6.5,720,5.0,8.0,1,1,0,0,8999
72.0,37,79,6,2.3,2,1,0,0,0,6,128,10.0,5000,60,6.53,720,5.0,13.0,2,1,0,0,10499
,12,101,10,1.3,2,1,0,0,0,3,32,10.0,3000,60,5.5,720,8.0,13.0,1,1,0,0,7499
75.0,37,83,6,,2,1,1,0,0,4,64,18.0,4000,60,6.3,1080,13.0,48.0,1,1,0,0,9990
76.0,37,25,2,2.2,2,1,1,0,1,4,128,18.0,5000,90,6.5,1080,8.0,48.0,3,1,0,0,12490
69.0,36,82,6,,2,1,0,0,0,4,64,18.0,5000,60,6.51,720,8.0,13.0,3,1,0,0,13990
79.0,32,25,2,2.2,2,1,0,0,1,6,128,15.0,5000,90,6.6,1080,8.0,48.0,3,1,0,0,17990
83.0,36,27,2,2.4,2,1,0,0,0,8,128,33.0,4000,90,6.44,1080,44.0,64.0,3,1,0,0,24999
85.0,30,161,14,2.3,2,1,0,0,0,8,128,65.0,4500,60,6.4,1080,32.0,64.0,1,1,0,0,21999
77.0,25,154,14,,2,1,0,0,0,8,128,30.0,4300,90,6.55,1080,16.0,48.0,3,1,0,0,19999
,32,58,3,2.73,2,1,0,1,1,12,128,45.0,5000,60,6.9,1440,40.0,108.0,1,1,0,0,99999
77.0,0,2,0,2.65,2,1,0,1,0,4,64,18.0,3500,60,6.5,1080,12.0,12.0,3,1,1,0,109900
,0,59,4,2.37,1,1,0,0,0,3,32,10.0,2230,60,4.7,720,7.0,13.0,1,0,0,1,52990
80.0,34,139,14,,2,1,0,1,0,8,128,33.0,5000,120,6.5,1080,16.0,50.0,2,1,0,0,19990
69.0,32,91,6,2.3,2,1,0,0,0,4,128,10.0,5000,60,6.5,720,5.0,13.0,2,1,0,0,11499
75.0,37,88,6,2.2,2,1,1,0,0,4,64,33.0,5000,120,6.67,1080,13.0,48.0,3,1,0,0,13999
84.0,36,145,14,2.2,2,1,0,0,1,8,256,80.0,5000,120,6.7,1080,32.0,108.0,3,1,0,0,28990
85.0,29,136,14,3.2,2,1,0,1,1,8,128,67.0,4500,120,6.67,1080,20.0,64.0,3,0,0,1,27999
82.0,37,11,2,2.85,2,1,1,1,1,6,128,67.0,5080,144,6.6,1080,16.0,64.0,3,1,0,0,19990
83.0,30,38,2,2.5,2,1,0,0,1,8,128,33.0,5000,90,6.4,1080,16.0,48.0,3,1,0,0,22999
82.0,36,152,14,2.4,2,1,0,0,0,8,128,44.0,5000,60,6.44,1080,16.0,50.0,3,1,0,0,17999
81.0,37,70,6,2.05,2,1,1,0,0,6,128,33.0,5000,90,6.43,1080,16.0,108.0,1,1,0,0,15499
84.0,14,10,2,2.4,2,1,0,0,1,8,128,30.0,5000,90,6.78,1080,16.0,64.0,1,1,0,0,17990
77.0,30,87,6,2.05,2,1,0,0,0,6,128,18.0,5000,120,6.6,1080,16.0,50.0,3,1,0,0,13999
73.0,24,79,6,2.3,2,1,0,0,0,4,64,18.0,5000,60,6.51,720,16.0,50.0,3,1,0,0,13499
79.0,28,25,2,2.2,2,1,1,0,1,6,128,18.0,5000,90,6.5,1080,8.0,48.0,3,1,0,0,14799
62.0,30,202,17,1.8,2,1,0,0,0,3,32,10.0,5000,60,6.5,720,5.0,13.0,3,1,0,0,6999
69.0,24,79,6,2.3,2,1,0,0,0,4,64,10.0,5000,60,6.52,720,8.0,13.0,3,1,0,0,11999
85.0,36,27,2,2.4,2,1,0,0,1,8,128,33.0,4000,90,6.44,1080,44.0,64.0,3,1,0,0,23994
89.0,34,135,14,2.84,2,1,0,1,1,8,256,21.0,4000,60,6.5,1440,8.0,12.0,1,1,0,0,69999
89.0,20,135,14,2.84,1,1,0,1,1,12,256,18.0,5000,90,6.7,1080,25.0,108.0,3,0,0,1,57999
87.0,32,46,3,2.73,2,1,0,1,0,8,256,25.0,4300,60,6.7,1080,10.0,64.0,3,0,0,1,86000
71.0,32,91,6,2.3,2,1,0,0,0,4,64,15.0,5000,60,6.5,720,8.0,48.0,1,1,0,0,11999
77.0,37,164,14,2.3,2,1,1,1,0,6,128,67.0,5000,120,6.67,1080,16.0,50.0,3,0,0,1,14999
81.0,30,176,14,3.2,2,1,0,0,1,8,128,80.0,5000,120,6.62,1080,16.0,64.0,3,0,0,1,26499
62.0,30,200,17,1.6,2,1,0,0,0,4,64,10.0,5000,60,6.5,720,5.0,8.0,1,1,0,0,8990
82.0,0,5,1,3.22,2,1,0,1,1,6,512,10.0,3279,60,6.1,1080,12.0,12.0,2,1,1,0,95999
81.0,35,70,6,2.05,2,1,0,0,0,8,128,33.0,5000,120,6.8,1080,32.0,64.0,3,0,0,1,17990
83.0,25,156,14,2.2,2,1,0,1,1,8,128,33.0,5000,120,6.59,1080,16.0,64.0,3,1,0,0,22999
,32,131,14,,2,1,0,1,1,8,128,45.0,5000,120,6.8,1440,40.0,108.0,1,0,0,1,99990
86.0,28,131,14,,2,1,1,1,1,8,128,120.0,4700,120,6.67,1080,20.0,64.0,3,1,0,0,39999
88.0,37,138,14,2.84,2,1,1,1,1,12,256,120.0,5000,120,6.67,1080,16.0,108.0,3,0,0,1,38999
63.0,36,91,6,2.3,2,1,0,0,0,4,128,10.0,5000,60,6.51,720,8.0,13.0,2,0,0,1,12490
86.0,32,176,14,3.2,2,1,0,1,1,6,128,25.0,4500,120,6.71,1440,10.0,64.0,3,1,0,0,39990
80.0,36,82,6,,2,1,0,0,0,8,128,18.0,5000,60,6.58,1080,16.0,50.0,3,1,0,0,16685
66.0,19,198,17,1.8,2,1,0,0,0,4,64,10.0,5000,60,6.52,720,5.0,13.0,2,1,0,0,6999
84.0,30,21,2,,2,1,0,1,1,8,128,50.0,4500,120,6.43,1080,16.0,64.0,3,0,0,1,26999
75.0,30,25,2,2.2,2,1,0,0,1,4,128,18.0,5000,90,6.5,1080,16.0,48.0,3,1,0,0,16499
74.0,24,23,2,2.2,2,1,0,0,1,6,128,10.0,5000,60,6.5,720,8.0,13.0,3,1,0,0,17990
68.0,37,79,6,2.3,2,1,0,0,0,4,64,10.0,5000,60,6.53,720,5.0,13.0,2,1,0,0,8999
63.0,0,2,0,2.65,2,1,0,1,0,3,64,18.0,1821,60,4.7,720,7.0,12.0,1,0,0,1,39900
60.0,17,187,16,1.8,2,1,0,0,0,6,64,10.0,4000,60,6.5,720,5.0,8.0,1,0,0,1,5999
76.0,25,17,2,,2,1,0,1,1,8,128,120.0,5000,120,6.57,1080,32.0,64.0,3,0,0,1,34999
77.0,36,23,2,,2,1,0,0,1,8,128,44.0,6000,60,6.58,1080,8.0,50.0,2,1,0,0,16990
84.0,24,109,14,2.2,2,1,0,1,1,8,128,33.0,4800,120,6.58,1080,32.0,50.0,3,1,0,0,22990
84.0,36,88,6,2.2,2,1,0,0,0,8,256,44.0,4500,90,6.44,1080,32.0,64.0,3,1,0,0,19990
74.0,11,189,16,,2,1,0,0,0,6,64,18.0,5000,90,6.6,720,8.0,50.0,1,1,0,0,10850
75.0,30,30,2,2.4,2,1,0,0,1,4,64,33.0,5000,90,6.6,1080,16.0,48.0,3,1,0,0,13499
61.0,41,196,17,1.6,2,1,0,0,0,3,64,18.0,5000,60,6.6,1440,5.0,8.0,2,1,0,0,6699
80.0,24,113,14,2.4,2,1,0,0,0,8,128,33.0,5000,90,6.59,1080,16.0,50.0,2,1,0,0,17999
69.0,37,25,2,2.2,2,1,1,0,1,4,128,18.0,5000,90,6.58,1080,5.0,50.0,2,1,0,0,13990
72.0,35,79,6,2.3,2,1,0,0,0,4,64,18.0,5000,60,6.6,1080,8.0,50.0,2,1,0,0,8968
60.0,11,76,6,,2,1,0,0,0,2,64,10.0,5000,60,6.6,720,5.0,8.0,1,1,0,0,7320
69.0,30,183,16,1.8,2,1,0,0,0,4,64,18.0,5000,60,6.5,1440,8.0,50.0,3,1,0,0,8999
75.0,32,91,6,2.3,2,1,0,0,0,6,128,15.0,5000,60,6.5,720,8.0,48.0,1,1,0,0,13999
79.0,35,66,6,,2,1,0,1,0,6,128,18.0,5000,60,6.8,1080,16.0,64.0,2,1,0,0,14746
83.0,37,20,2,2.6,2,1,1,1,1,6,128,67.0,5000,120,6.6,1080,16.0,64.0,3,1,0,0,16999
83.0,37,176,14,3.2,2,1,1,0,1,8,128,33.0,4520,120,6.67,1080,20.0,48.0,3,0,0,1,25990
78.0,37,151,14,2.2,2,1,1,0,0,6,128,33.0,5000,60,6.43,1080,13.0,48.0,1,1,0,0,16499
81.0,37,122,14,2.3,2,1,1,0,0,6,64,33.0,5020,120,6.67,1080,16.0,108.0,1,1,0,0,19999
80.0,37,174,14,2.84,2,1,0,1,1,6,128,33.0,5000,144,6.67,2160,20.0,64.0,3,0,0,1,23500
85.0,13,125,14,2.4,2,1,0,1,1,6,128,25.0,4300,60,6.8,1080,16.0,48.0,3,1,0,0,54999
80.0,20,163,14,2.2,2,1,0,0,0,6,128,18.0,5000,60,6.5,1080,16.0,64.0,1,1,0,0,19499
83.0,32,55,3,2.7,2,1,0,1,0,6,128,25.0,4500,60,6.7,1080,32.0,12.0,3,1,0,0,39999
89.0,32,57,3,2.7,2,1,1,1,1,12,256,10.0,4300,60,6.8,1440,10.0,12.0,1,1,0,0,92999
72.0,32,53,3,,2,1,0,0,0,4,128,15.0,5000,90,6.5,720,5.0,50.0,3,1,0,0,14499
70.0,36,25,2,2.2,2,1,0,0,1,4,128,15.0,5000,60,6.51,720,5.0,13.0,2,1,0,0,13999
,36,62,6,,2,1,0,0,0,2,32,10.0,5000,60,6.51,720,5.0,8.0,1,1,0,0,7999
,41,196,17,1.6,2,1,0,0,0,2,32,18.0,5000,60,6.6,1440,5.0,8.0,2,1,0,0,5785
73.0,37,25,2,2.2,2,1,1,0,1,4,128,18.0,5000,90,6.58,1080,5.0,13.0,2,1,0,0,12990
84.0,29,16,2,2.5,2,1,1,0,1,8,128,120.0,5100,120,6.73,1080,32.0,108.0,3,1,0,0,19990
79.0,24,30,2,2.4,2,1,0,0,1,12,256,33.0,5000,90,6.56,1080,8.0,48.0,2,1,0,0,23990
77.0,32,52,3,1.8,2,1,0,0,0,6,64,15.0,4000,60,6.4,1080,16.0,48.0,3,1,0,0,17999
80.0,11,71,6,2.2,2,1,0,0,0,6,128,120.0,5000,60,6.91,1080,16.0,108.0,1,1,0,0,16999
63.0,11,78,6,,2,1,0,0,0,3,64,10.0,5000,60,6.82,720,5.0,8.0,1,1,0,0,8299
89.0,34,169,14,,2,1,0,1,1,8,256,30.0,5000,120,6.1,1080,12.0,12.0,3,1,0,0,82199
84.0,23,131,14,,2,1,0,1,1,8,128,80.0,5000,144,6.67,1080,16.0,64.0,3,0,0,1,49990
71.0,21,197,17,1.6,2,1,0,0,0,4,64,18.0,5050,90,6.5,720,8.0,50.0,3,1,0,0,11999
82.0,37,167,14,2.4,2,1,0,1,1,6,128,67.0,4300,120,6.55,1080,32.0,108.0,3,1,0,0,29990
84.0,0,5,1,3.22,2,1,0,1,1,6,256,10.0,4352,120,6.7,1080,12.0,12.0,3,1,1,0,139900
74.0,36,82,6,,2,1,0,0,0,4,128,18.0,5000,60,6.51,720,8.0,50.0,3,1,0,0,14990
79.0,24,148,14,,2,1,0,0,0,6,128,33.0,5000,60,6.43,1080,16.0,48.0,3,1,0,0,15988
76.0,32,54,3,2.3,2,1,0,0,0,4,64,15.0,6000,60,6.4,1080,20.0,48.0,3,1,0,0,11725
80.0,24,95,6,2.2,2,1,0,0,0,8,128,30.0,4310,60,6.43,1080,16.0,48.0,1,1,0,0,17994
81.0,25,154,14,,2,1,0,1,1,6,128,30.0,4300,90,6.49,1080,16.0,64.0,1,1,0,0,25595
67.0,7,93,6,1.99,2,0,0,0,0,6,128,10.0,4000,60,6.2,720,13.0,16.0,1,1,0,0,7499
74.0,29,82,6,,2,1,1,0,0,6,64,18.0,5000,60,6.53,1080,8.0,13.0,1,1,0,0,10890
82.0,20,124,14,2.2,2,1,0,1,1,6,128,20.0,5000,60,6.67,1080,16.0,48.0,3,1,0,0,19990
80.0,32,45,3,2.3,2,1,0,1,0,4,128,15.0,4000,60,6.4,1080,32.0,48.0,3,1,0,0,15990
89.0,32,57,3,2.73,2,1,0,1,0,12,256,45.0,4300,60,6.8,1440,10.0,12.0,1,1,0,0,58999
71.0,36,90,6,,2,1,0,0,0,4,64,10.0,5000,60,6.35,720,16.0,13.0,3,1,0,0,12500
82.0,36,111,14,,2,1,0,0,0,8,128,18.0,4500,60,6.38,1080,32.0,48.0,1,1,0,0,29999
86.0,36,130,14,2.7,2,1,0,0,1,8,256,80.0,4700,120,6.67,1080,32.0,64.0,3,1,0,0,31990
86.0,36,28,2,2.4,2,1,0,1,1,8,128,33.0,4000,90,6.44,1080,44.0,64.0,3,1,0,0,29999
84.0,20,155,14,2.2,2,1,0,1,1,8,128,68.0,4020,120,6.28,1080,32.0,64.0,2,0,0,1,31990
87.0,37,33,2,2.85,2,1,1,1,1,8,128,120.0,5000,120,6.67,1080,20.0,108.0,3,0,0,1,48990
85.0,10,98,7,3.13,2,1,0,1,1,8,256,66.0,4500,120,6.76,1440,13.0,64.0,3,1,0,1,99990
65.0,30,188,16,1.82,2,1,0,0,0,4,64,10.0,5000,60,6.52,720,5.0,13.0,3,1,0,0,9499
80.0,40,117,14,2.36,2,1,0,0,1,6,128,67.0,5000,144,6.62,1080,16.0,50.0,3,1,0,0,24999
79.0,11,87,6,2.05,2,1,0,0,0,8,128,33.0,5000,120,6.95,1080,16.0,50.0,3,1,0,0,15999
64.0,35,77,6,1.8,2,1,0,0,0,4,64,10.0,5000,60,6.52,720,8.0,16.0,2,1,0,0,8999
73.0,26,25,2,2.2,2,1,0,0,1,6,128,10.0,5000,60,6.5,720,8.0,13.0,2,1,0,0,17990
77.0,37,85,6,,2,1,1,0,0,6,128,18.0,6000,90,6.5,1080,8.0,50.0,1,1,0,0,12999
83.0,10,128,14,2.4,2,0,0,1,0,8,128,66.0,4300,120,6.57,1080,32.0,50.0,1,0,0,1,29990
,35,180,15,1.3,2,0,0,0,0,1,16,10.0,4000,60,6.1,720,5.0,5.0,2,1,0,0,6999
,10,178,14,2.84,2,1,1,1,0,8,256,66.0,4360,120,6.6,1080,13.0,50.0,1,1,0,1,60999
83.0,37,11,2,2.85,2,1,1,1,1,8,128,67.0,5500,120,6.67,1440,20.0,48.0,3,0,0,1,27990
,21,195,17,1.6,2,1,0,0,0,2,16,10.0,3000,60,5.45,720,5.0,5.0,1,1,0,0,5249
80.0,30,124,14,2.2,2,1,0,0,1,6,128,30.0,5000,120,6.5,1080,16.0,48.0,3,1,0,0,14999
87.0,24,176,14,3.2,2,1,0,1,1,8,128,65.0,4500,90,6.55,1080,32.0,50.0,1,0,0,1,44990
,26,138,14,2.84,2,1,0,1,1,12,256,65.0,4500,120,6.7,1440,32.0,50.0,1,0,0,1,50990
75.0,29,147,14,,2,1,1,0,0,6,64,18.0,6000,60,6.53,1080,8.0,48.0,3,1,0,0,11499
,41,199,17,1.3,2,1,0,0,0,1,16,10.0,4000,60,6.5,1440,8.0,8.0,3,1,0,0,5990
86.0,37,175,14,2.84,2,1,1,1,1,8,128,33.0,5000,144,6.67,1080,20.0,108.0,3,0,0,1,29999
89.0,32,46,3,2.73,2,1,0,1,1,8,128,25.0,4000,60,6.2,1440,10.0,64.0,3,1,0,0,74999
72.0,36,112,14,,2,1,0,0,0,4,64,18.0,5000,60,6.53,1080,16.0,16.0,3,1,0,0,9990
82.0,26,121,14,2.2,2,1,0,0,0,8,128,30.0,4000,60,6.4,1080,32.0,64.0,1,1,0,0,19990
75.0,30,159,14,2.3,2,1,0,0,0,4,64,20.0,4000,60,6.4,1080,16.0,64.0,1,1,0,0,13279
68.0,36,72,6,,2,1,0,0,0,3,64,10.0,5000,60,6.35,720,8.0,13.0,3,1,0,0,11000
78.0,37,172,14,2.8,2,1,0,0,0,6,128,10.0,4000,60,6.18,1080,20.0,12.0,2,1,0,0,12999
61.0,29,76,6,,2,1,0,0,0,3,32,10.0,5000,60,6.52,720,5.0,8.0,1,1,0,0,7299
61.0,39,100,9,1.6,2,1,0,0,0,4,32,10.0,5000,60,6.5,720,13.0,20.0,1,1,0,0,7999
86.0,37,171,14,3.2,2,1,1,1,1,8,128,67.0,5000,120,6.73,1440,20.0,50.0,3,0,0,1,54990
77.0,36,39,2,,2,1,0,1,1,12,256,120.0,5000,120,6.67,1080,32.0,50.0,3,0,0,1,49990
,9,170,14,,2,1,0,1,1,12,256,100.0,4500,120,6.78,1080,50.0,200.0,3,0,0,1,54990
71.0,35,30,2,2.4,2,1,0,0,0,4,128,18.0,6000,120,6.8,1080,8.0,50.0,1,1,0,0,15499
78.0,0,3,1,,2,1,0,1,1,6,512,10.0,4323,120,6.7,1080,12.0,48.0,3,1,1,0,169900
80.0,36,22,2,,2,1,0,0,1,8,128,44.0,6000,120,6.58,1080,16.0,50.0,2,0,0,1,18990
76.0,20,155,14,2.2,2,1,0,1,1,4,64,33.0,5000,90,6.6,2160,16.0,50.0,3,1,0,0,16999
86.0,20,157,14,2.36,2,1,0,1,1,8,128,67.0,4200,144,6.5,1080,32.0,50.0,3,0,0,1,34999
89.0,30,169,14,,2,1,0,1,1,12,256,65.0,5000,120,6.7,1440,32.0,50.0,3,0,0,1,46999
66.0,36,91,6,2.3,2,1,0,0,0,3,32,10.0,5000,60,6.51,720,8.0,13.0,2,1,0,0,8499
76.0,9,113,14,2.4,2,1,0,0,0,6,128,22.5,4000,90,6.7,1080,16.0,64.0,1,0,0,1,16999
69.0,32,197,17,1.6,2,1,0,0,0,4,64,15.0,5000,60,6.5,720,5.0,48.0,2,1,0,0,11499
88.0,32,131,14,,2,1,0,1,1,8,256,45.0,4500,120,6.6,1080,10.0,50.0,3,0,0,1,88999
81.0,36,152,14,2.4,2,1,0,0,0,8,128,18.0,5000,90,6.58,1080,16.0,50.0,3,1,0,0,15990
83.0,37,16,2,2.5,2,1,1,0,1,8,128,67.0,5160,120,6.67,2160,16.0,108.0,3,1,0,0,24990
,26,169,14,,2,1,0,1,1,8,256,80.0,5000,120,6.7,1440,32.0,50.0,3,0,0,1,79990
61.0,35,99,8,2.2,2,1,0,0,0,2,32,10.0,5000,60,6.51,720,8.0,13.0,2,1,0,0,6249
69.0,36,113,14,2.4,2,1,0,0,0,3,64,18.0,5000,60,6.51,720,8.0,13.0,2,1,0,0,12499
61.0,37,78,6,,2,1,0,0,0,2,32,10.0,5000,60,6.53,720,5.0,13.0,1,1,0,0,6499
68.0,36,107,14,,2,1,0,0,0,3,64,10.0,5000,60,6.51,720,8.0,13.0,3,1,0,0,11990
82.0,36,87,6,2.05,2,1,0,0,0,8,128,44.0,4050,60,6.44,1080,50.0,64.0,3,1,0,0,26990
76.0,32,82,6,,2,1,0,0,0,6,128,10.0,6000,90,6.4,720,13.0,48.0,1,1,0,0,13499
60.0,19,187,16,1.8,2,1,0,0,0,3,32,10.0,5000,60,6.52,720,5.0,8.0,1,1,0,0,5999
67.0,32,91,6,2.3,2,1,0,0,0,3,32,15.0,5000,60,6.5,720,5.0,13.0,3,1,0,0,8499
71.0,24,91,6,2.3,2,1,0,0,0,4,128,10.0,5000,60,6.51,1440,16.0,13.0,3,1,0,0,11990
77.0,37,25,2,2.2,2,1,1,0,1,4,128,18.0,5000,90,6.43,1080,13.0,48.0,1,1,0,0,10990
80.0,30,25,2,2.2,2,1,0,1,1,6,128,18.0,5000,90,6.5,1080,16.0,48.0,3,1,0,0,16999
70.0,24,91,6,2.3,2,1,0,0,0,4,64,10.0,5000,60,6.51,1440,16.0,13.0,3,1,0,0,12199
72.0,26,92,6,2.3,2,1,0,0,0,4,128,10.0,4230,60,6.52,720,8.0,13.0,3,1,0,0,11490
74.0,37,110,14,,2,1,1,0,0,4,64,18.0,6000,60,6.53,1080,8.0,48.0,1,1,0,0,11499
88.0,32,51,3,2.9,2,1,0,1,1,8,128,25.0,4800,120,6.7,1080,10.0,64.0,3,0,0,1,59450
76.0,28,160,14,2.3,2,1,1,0,0,4,64,33.0,5000,60,6.67,1080,16.0,48.0,1,1,0,0,12799
88.0,32,58,3,2.73,2,1,0,1,0,8,128,25.0,4500,120,6.7,1440,10.0,64.0,1,1,0,0,83000
64.0,36,141,14,,2,1,0,0,0,3,32,10.0,5000,60,6.35,720,8.0,13.0,2,1,0,0,9490
78.0,36,150,14,,2,1,0,0,0,8,128,10.0,3700,60,6.39,1080,32.0,48.0,3,1,0,0,25000
65.0,36,141,14,1.95,2,1,0,0,0,4,64,10.0,4030,60,6.22,1440,20.0,13.0,2,1,0,0,15000
70.0,36,93,6,,2,1,0,0,0,4,128,10.0,3315,60,6.3,1080,25.0,16.0,2,1,0,0,20990
78.0,32,55,3,2.8,2,1,0,1,0,6,128,10.0,3500,60,6.2,1440,8.0,12.0,2,1,0,0,34999
80.0,30,169,14,,2,1,0,0,1,8,128,120.0,5000,144,6.73,1080,16.0,50.0,3,0,0,1,29999
67.0,36,23,2,,2,1,0,0,1,4,128,15.0,6000,60,6.51,720,5.0,13.0,2,1,0,0,11999
72.0,32,91,6,2.3,2,1,0,0,0,4,128,10.0,5000,60,6.5,720,5.0,50.0,2,1,0,0,12999
85.0,37,12,2,3.1,2,1,1,0,1,8,128,120.0,5080,120,6.67,1080,32.0,50.0,3,0,0,1,28999
77.0,11,87,6,2.05,2,1,0,0,0,8,128,18.0,5000,60,6.78,1080,8.0,50.0,1,1,0,0,12999
82.0,30,176,14,3.2,2,1,0,0,1,8,256,80.0,5000,120,6.62,1080,16.0,64.0,3,0,0,1,28499
83.0,0,5,1,3.22,2,1,0,1,1,6,512,10.0,4325,60,6.7,1080,12.0,12.0,2,1,1,0,104999
79.0,37,139,14,,2,1,1,0,1,6,128,18.0,5100,120,6.73,1080,16.0,64.0,2,1,0,0,17990
76.0,37,88,6,2.2,2,1,1,0,0,6,128,18.0,5000,90,6.58,1080,8.0,50.0,3,1,0,0,13774
64.0,21,195,17,1.6,2,1,0,0,0,4,64,10.0,5050,60,6.52,720,5.0,13.0,2,1,0,0,8999
75.0,25,30,2,2.4,2,1,0,1,1,4,64,33.0,5000,90,6.56,720,16.0,48.0,2,1,0,0,18990
77.0,35,66,6,,2,1,0,1,0,6,128,18.0,5000,90,6.8,1080,32.0,48.0,2,0,0,1,14999
61.0,30,188,16,1.82,2,1,0,0,0,3,32,10.0,5000,60,6.5,720,5.0,8.0,1,1,0,0,7999
67.0,24,79,6,2.3,2,1,0,0,0,3,64,33.0,5000,60,6.56,720,8.0,13.0,2,1,0,0,11990
77.0,11,85,6,,2,1,0,0,0,6,128,33.0,5000,60,6.7,2160,16.0,50.0,2,1,0,0,12999
88.0,36,15,2,3.05,2,1,0,0,1,12,256,80.0,4500,120,6.78,1080,32.0,50.0,3,1,0,0,59999
79.0,11,87,6,2.05,2,1,0,0,0,8,128,33.0,5000,60,6.7,1080,16.0,50.0,2,1,0,0,16999
60.0,32,49,3,,2,1,0,0,0,4,64,10.0,6000,60,6.5,720,8.0,48.0,3,1,0,0,14999
69.0,37,25,2,2.2,2,1,1,0,1,4,128,18.0,5000,90,6.58,1080,5.0,50.0,2,1,0,0,13990
81.0,37,70,6,2.05,2,1,1,0,0,6,128,67.0,5000,120,6.67,1080,16.0,108.0,1,1,0,0,17999
73.0,30,188,16,1.82,2,1,0,0,0,4,64,18.0,5000,60,6.6,1080,8.0,50.0,3,1,0,0,11399
79.0,36,25,2,2.2,2,1,0,0,1,8,128,18.0,6000,60,6.58,1080,8.0,50.0,2,0,0,1,19990
74.0,36,153,14,2.4,2,1,0,0,0,4,128,18.0,5000,90,6.51,1440,8.0,50.0,3,1,0,0,15499
,7,182,16,,2,1,0,0,0,3,32,10.0,4800,60,6.8,720,5.0,13.0,1,1,0,0,6999
77.0,37,160,14,2.3,2,1,1,0,0,4,128,18.0,5020,60,6.67,1080,16.0,48.0,1,1,0,0,12499
80.0,0,5,1,3.22,2,1,0,1,1,4,512,10.0,3240,60,6.1,1080,12.0,12.0,2,1,1,0,91999
71.0,11,85,6,,2,1,0,0,0,4,64,10.0,5000,90,6.78,1080,8.0,50.0,2,1,0,0,9690
85.0,30,136,14,3.2,2,1,0,1,1,8,128,65.0,4500,120,6.55,1080,32.0,50.0,3,0,0,1,32990
87.0,37,169,14,,2,1,1,1,1,8,128,67.0,4500,120,6.28,1080,32.0,50.0,3,0,0,1,42990
82.0,37,165,14,2.3,2,1,1,0,0,8,128,33.0,4250,90,6.55,1080,16.0,64.0,3,1,0,0,18699
76.0,30,25,2,2.2,2,1,0,0,1,4,128,18.0,5000,60,6.5,1080,16.0,48.0,3,1,0,0,10990
85.0,37,178,14,2.84,2,1,1,0,1,8,128,33.0,4520,120,6.67,1080,20.0,108.0,3,0,0,1,30990
89.0,16,137,14,2.84,2,1,0,1,1,16,512,120.0,5000,144,6.5,1080,20.0,64.0,2,0,0,1,59999
83.0,32,57,3,2.73,2,1,0,1,0,6,128,10.0,7000,60,6.71,1080,32.0,64.0,1,1,0,0,23999
69.0,30,26,2,,2,1,0,0,1,4,128,18.0,5000,60,6.5,720,8.0,13.0,3,0,0,1,9999
67.0,37,78,6,,2,1,0,0,0,4,128,10.0,5000,60,6.53,720,5.0,13.0,1,1,0,0,9299
77.0,30,63,6,2.05,2,1,0,0,0,6,64,30.0,4300,90,6.5,1080,16.0,64.0,1,1,0,0,12989
83.0,26,126,14,2.4,2,1,0,0,1,8,128,65.0,4300,60,6.43,1080,32.0,64.0,1,0,0,1,29990
72.0,26,91,6,2.3,2,1,0,0,0,6,128,10.0,4230,60,6.5,720,8.0,12.0,3,1,0,0,12490
,36,90,6,,2,1,0,0,0,2,32,10.0,4030,60,6.22,720,5.0,13.0,1,1,0,0,8199
81.0,10,96,7,2.2,2,1,0,0,0,8,128,40.0,4200,60,6.4,1080,16.0,48.0,1,1,0,0,21990
73.0,36,75,6,,2,1,0,0,0,4,128,18.0,5000,60,6.53,1080,16.0,16.0,3,1,0,0,20000
74.0,36,112,14,,2,1,0,0,0,6,64,18.0,5000,60,6.53,1080,16.0,16.0,3,1,0,0,11990
75.0,37,83,6,,2,1,1,0,0,4,64,22.5,5020,60,6.53,1080,13.0,48.0,1,1,0,0,11989
66.0,37,141,14,,2,1,1,0,0,4,64,18.0,5000,60,6.22,720,8.0,12.0,2,1,0,0,11490
68.0,20,94,6,,2,1,0,0,0,4,64,10.0,4000,60,6.2,720,8.0,13.0,3,1,0,0,11490
69.0,32,104,12,2.2,2,1,0,0,0,4,64,15.0,3100,60,5.9,1080,25.0,16.0,2,1,0,0,17990
86.0,32,56,3,2.7,1,1,0,1,1,8,256,25.0,4500,60,6.7,1440,10.0,16.0,3,1,0,0,78990
66.0,10,97,7,2.36,2,1,0,0,0,4,64,10.0,3000,60,5.84,1080,16.0,13.0,2,1,0,0,10949
65.0,37,102,10,,2,1,0,0,0,4,64,10.0,4100,60,5.5,1080,5.0,13.0,1,1,0,0,10300
88.0,5,19,2,2.6,2,1,0,0,1,12,256,33.0,22000,120,6.58,1080,32.0,108.0,3,1,0,0,45999
76.0,40,118,14,,2,1,0,0,1,8,128,45.0,5000,120,6.67,1080,16.0,64.0,3,1,0,0,19990
84.0,36,117,14,2.4,2,1,0,0,1,8,256,80.0,5000,120,6.67,1080,32.0,64.0,3,1,0,0,32990
77.0,29,88,6,2.2,2,1,1,0,0,6,128,18.0,5000,90,6.58,1080,8.0,50.0,3,1,0,0,14499
85.0,21,115,14,2.2,2,1,0,1,1,6,128,33.0,4200,90,6.43,1080,16.0,50.0,2,1,0,0,41990
67.0,35,83,6,,2,1,0,0,0,6,128,10.0,7000,90,6.82,720,8.0,16.0,2,1,0,0,13990
67.0,36,91,6,2.3,2,1,0,0,0,3,64,10.0,5000,60,6.51,720,8.0,13.0,2,1,0,0,10490
82.0,10,167,14,2.4,2,0,0,0,0,8,128,66.0,4000,120,6.67,1080,60.0,50.0,3,0,0,1,29990
82.0,10,113,14,2.4,2,1,0,1,0,8,128,40.0,5000,90,6.7,1080,8.0,50.0,1,1,0,1,22990
80.0,32,22,2,,2,1,0,0,1,8,128,10.0,5000,60,6.7,1080,16.0,48.0,3,1,0,0,47990
84.0,11,70,6,2.05,2,1,0,0,0,8,128,120.0,4500,120,6.7,1080,16.0,108.0,3,1,0,0,19999
83.0,25,117,14,2.36,2,1,0,1,1,8,128,80.0,4500,120,6.43,1080,32.0,50.0,3,0,0,1,29999
74.0,30,188,16,1.82,2,1,0,0,0,4,128,18.0,5000,60,6.6,1080,8.0,50.0,3,1,0,0,11879
84.0,25,32,2,2.85,2,1,0,1,1,8,128,150.0,4500,120,6.7,1080,16.0,50.0,3,0,0,1,28990
78.0,37,26,2,,2,1,1,0,1,6,64,33.0,5000,90,6.52,1080,16.0,64.0,3,1,0,0,15999
82.0,26,156,14,2.2,2,1,0,0,1,8,256,33.0,4500,60,6.43,1080,16.0,48.0,2,1,0,0,22990
75.0,35,67,6,,2,1,0,1,0,4,128,18.0,5000,90,6.8,1080,16.0,48.0,3,0,0,1,11499
70.0,35,79,6,2.3,2,1,0,0,0,4,64,10.0,5000,60,6.6,720,8.0,50.0,2,1,0,0,7999
82.0,30,176,14,3.2,2,1,0,1,1,8,128,65.0,5000,120,6.62,2160,16.0,64.0,3,0,0,1,31999
64.0,30,79,6,2.3,2,1,0,0,0,3,32,10.0,6000,60,6.52,720,5.0,13.0,3,1,0,0,7999
74.0,35,83,6,,2,1,0,0,0,4,64,18.0,7000,60,6.95,1080,8.0,48.0,1,1,0,0,10999
79.0,29,25,2,2.2,2,1,0,0,1,6,128,67.0,5000,120,6.67,1080,16.0,50.0,3,1,0,0,14990
77.0,20,122,14,2.3,2,1,0,0,0,4,64,20.0,6000,120,6.78,1080,16.0,64.0,3,1,0,0,14499
86.0,25,178,14,2.84,2,1,0,1,1,8,128,65.0,4500,120,6.55,1080,16.0,108.0,1,1,0,0,44999
83.0,30,86,6,,2,1,0,0,0,8,128,30.0,5000,60,6.4,1080,16.0,64.0,1,1,0,0,17999
83.0,30,27,2,2.4,2,1,0,0,1,8,128,30.0,5000,120,6.5,1080,16.0,48.0,3,1,0,0,19999
,32,42,3,2.9,2,1,0,1,1,12,128,25.0,5000,120,6.8,1440,40.0,108.0,1,0,0,1,101999
73.0,25,149,14,,2,1,0,0,0,4,64,65.0,4500,60,6.3,1080,13.0,48.0,1,1,0,0,19999
72.0,32,44,3,,2,1,0,0,0,4,64,15.0,6000,90,6.5,720,8.0,48.0,1,1,0,0,10999
68.0,25,143,14,1.8,2,1,0,0,0,4,64,18.0,5000,90,6.52,720,8.0,13.0,3,1,0,0,16990
66.0,24,91,6,2.3,2,1,0,0,0,3,32,10.0,4230,60,6.52,720,5.0,13.0,3,1,0,0,9999
77.0,37,160,14,2.3,2,1,1,0,0,4,128,18.0,5020,60,6.67,1080,16.0,48.0,1,1,0,0,14439
64.0,26,91,6,1.8,2,1,0,0,0,3,32,10.0,4230,60,6.22,1440,5.0,13.0,2,1,0,0,9990
,32,58,3,2.73,2,1,0,1,1,8,128,25.0,4500,60,6.7,1440,10.0,64.0,1,1,0,0,85990
88.0,37,134,14,2.8,2,1,0,1,0,8,256,27.0,4000,60,6.39,1080,20.0,48.0,3,1,0,0,480000
78.0,37,68,6,2.05,2,1,1,0,0,6,64,18.0,4500,60,6.53,1080,20.0,64.0,1,1,0,0,16999
,30,94,6,2.1,2,1,0,0,0,2,16,10.0,4000,60,6.2,720,8.0,13.0,2,1,0,0,8999
75.0,0,6,1,,2,1,0,1,1,8,128,10.0,4532,120,6.71,1080,12.0,12.0,2,1,1,0,84990
78.0,36,25,2,2.2,2,1,0,1,1,4,128,18.0,5000,60,6.58,1080,8.0,50.0,3,1,0,0,21999
66.0,14,80,6,2.3,2,1,0,0,0,4,64,10.0,5000,60,6.5,720,8.0,13.0,2,1,0,0,8999
79.0,35,9,2,2.2,2,1,0,1,1,6,128,33.0,5000,120,6.83,1080,16.0,50.0,3,0,0,1,20999
84.0,24,22,2,,2,1,0,1,1,8,128,80.0,4500,90,6.43,1080,32.0,50.0,3,0,0,1,32990
70.0,20,80,6,2.3,2,1,0,0,0,4,64,10.0,5000,90,6.5,720,8.0,16.0,2,1,0,0,9022
61.0,37,76,6,,2,1,0,0,0,3,32,10.0,5000,60,6.52,720,5.0,8.0,2,1,0,0,8399
64.0,11,78,6,,2,1,0,0,0,3,64,10.0,5000,60,6.6,720,8.0,13.0,1,1,0,0,9999
63.0,35,80,6,2.3,2,1,0,0,0,3,64,10.0,5000,90,6.6,720,8.0,13.0,1,1,0,0,8390
82.0,38,177,14,3.2,2,1,0,1,1,6,128,55.0,4200,120,6.9,1080,16.0,50.0,1,1,0,0,19999
71.0,9,78,6,,2,1,0,0,0,4,64,10.0,5000,60,6.5,720,5.0,50.0,3,1,0,0,13999
80.0,22,168,14,2.5,2,1,0,1,1,6,128,33.0,5000,120,6.55,1080,16.0,50.0,2,0,0,1,24990
79.0,11,87,6,,2,1,0,0,0,8,128,33.0,5000,60,6.7,2160,16.0,50.0,2,1,0,0,14999
86.0,28,22,2,,2,1,1,1,1,8,128,150.0,4500,120,6.67,1080,20.0,64.0,3,1,0,0,42999
78.0,40,116,14,2.2,2,1,0,0,1,4,128,18.0,5000,120,6.58,1080,16.0,50.0,3,1,0,0,14999
83.0,36,113,14,2.4,2,1,0,0,0,8,128,44.0,5000,120,6.44,1080,16.0,50.0,3,1,0,0,22990
81.0,26,178,14,2.84,2,1,0,0,1,8,128,80.0,5000,120,6.62,1080,16.0,50.0,3,1,0,0,29990
62.0,35,197,17,,2,1,0,0,0,3,64,10.0,5000,90,6.6,720,8.0,13.0,1,1,0,0,7399
80.0,40,115,14,2.2,2,1,0,0,1,8,128,55.0,4200,120,6.67,1080,16.0,50.0,3,1,0,0,17999
77.0,11,85,6,,2,1,0,0,0,6,128,33.0,5000,60,6.7,1080,16.0,50.0,2,1,0,0,12799
86.0,37,16,2,2.5,2,1,1,0,1,8,128,120.0,4500,120,6.67,2160,16.0,108.0,3,1,0,0,26999
82.0,32,25,2,2.2,2,1,0,0,1,8,128,15.0,5000,90,6.6,1080,8.0,64.0,3,1,0,0,22999
68.0,19,198,17,1.8,2,1,0,0,0,6,64,10.0,5000,60,6.52,720,5.0,13.0,2,1,0,0,7790
87.0,21,136,14,3.2,2,1,0,0,1,6,128,33.0,6000,144,6.51,1080,16.0,200.0,1,1,0,1,39990
65.0,36,107,14,,2,1,0,0,0,3,32,10.0,5000,60,6.51,720,8.0,13.0,2,1,0,0,9999
80.0,26,166,14,2.4,2,1,0,0,1,6,128,18.0,4000,90,6.5,1080,16.0,64.0,1,1,0,0,22990
79.0,29,21,2,,2,1,1,0,1,6,128,67.0,5065,120,6.67,1080,16.0,64.0,3,0,0,1,32999
85.0,9,167,14,2.4,2,1,0,1,1,6,128,66.0,4300,120,6.57,1080,32.0,108.0,1,1,0,0,32990
74.0,24,91,6,2.3,2,1,0,0,0,6,128,10.0,5000,60,6.51,1440,16.0,13.0,3,1,0,0,14999
74.0,30,87,6,2.05,2,1,0,0,0,4,64,18.0,5000,120,6.6,1080,16.0,50.0,3,1,0,0,12499
84.0,40,138,14,2.84,2,1,0,1,1,8,128,66.0,4000,120,6.62,1080,16.0,48.0,3,0,0,1,39990
61.0,30,103,11,1.6,2,1,0,0,0,2,32,10.0,5000,60,6.52,720,5.0,8.0,1,1,0,0,6499
76.0,32,82,6,,2,1,0,0,0,6,128,15.0,5000,60,6.4,720,13.0,48.0,1,1,0,0,18499
85.0,30,138,14,2.84,2,1,0,1,1,8,128,65.0,4500,120,6.43,1080,16.0,64.0,3,0,0,1,30994
78.0,8,166,14,2.4,1,1,0,1,1,6,128,18.0,4620,60,6.34,1080,8.0,16.0,2,0,0,1,32999
73.0,32,53,3,,2,1,0,0,0,4,64,15.0,6000,90,6.5,720,8.0,48.0,1,1,0,0,10499
82.0,32,54,3,2.3,2,1,0,0,0,6,128,15.0,6000,60,6.4,1080,32.0,64.0,3,1,0,0,19999
75.0,32,53,3,,2,1,0,0,0,6,128,10.0,5000,60,6.5,720,13.0,48.0,1,1,0,0,17499
69.0,37,78,6,,2,1,0,0,0,6,128,10.0,5000,60,6.53,720,5.0,13.0,1,1,0,0,10990
82.0,36,111,14,,2,1,0,0,0,8,128,33.0,4100,60,6.44,1080,32.0,48.0,3,1,0,0,19000
70.0,24,143,14,1.8,2,1,0,0,0,6,128,18.0,5000,90,6.5,1440,16.0,13.0,3,1,0,0,13990
72.0,30,84,6,,2,1,0,0,0,4,64,18.0,6000,60,6.5,720,8.0,48.0,3,1,0,0,10499
,41,193,17,1.6,2,1,0,0,0,3,32,10.0,4000,60,6.09,1440,5.0,8.0,2,1,0,0,5890
61.0,30,79,6,2.3,2,1,0,0,0,2,32,10.0,5000,60,6.5,720,5.0,13.0,2,1,0,0,6490
88.0,37,135,14,2.84,2,1,1,1,1,8,256,30.0,4780,90,6.67,1080,20.0,108.0,1,1,0,0,54999
65.0,36,142,14,1.8,2,1,0,0,0,4,64,10.0,5000,60,6.5,720,13.0,13.0,2,1,0,0,9990
79.0,25,166,14,2.4,2,1,0,0,0,8,128,30.0,4300,90,6.55,1080,16.0,64.0,3,1,0,0,24999
88.0,33,174,14,2.84,2,1,0,1,0,12,256,10.0,3730,60,6.5,1440,16.0,48.0,3,1,0,0,59990
63.0,32,99,8,1.8,2,1,0,0,0,2,32,15.0,4000,60,6.4,720,8.0,13.0,3,1,0,0,9990
,30,90,6,,2,1,0,0,0,2,16,10.0,4000,60,6.1,1440,5.0,13.0,2,1,0,0,6999
78.0,32,158,14,2.2,2,1,0,1,0,6,128,10.0,3400,60,6.4,1080,24.0,24.0,3,1,0,0,39990
,36,140,14,1.2,2,1,0,0,0,3,16,10.0,2730,60,5.2,720,5.0,13.0,1,1,0,0,13490
70.0,29,66,6,,2,1,0,0,0,4,64,10.0,5000,60,6.71,720,5.0,50.0,1,1,0,0,7999
67.0,3,79,6,2.3,2,1,0,1,1,4,64,10.0,5180,60,6.1,720,8.0,13.0,1,1,0,0,8990
75.0,9,80,6,2.3,2,1,0,0,0,6,128,22.5,5000,90,6.75,720,8.0,50.0,1,1,0,0,13999
72.0,24,25,2,2.2,2,1,0,0,1,6,128,10.0,5000,90,6.56,720,8.0,13.0,2,1,0,0,13990
84.0,5,87,6,2.05,2,1,0,1,0,8,128,33.0,6000,60,6.3,1080,32.0,108.0,3,1,0,0,14999
,14,76,6,,2,1,0,0,0,3,32,10.0,4000,60,6.5,1440,5.0,8.0,1,1,0,0,6999
61.0,39,100,9,1.3,2,1,0,0,0,4,64,10.0,5000,60,6.82,720,13.0,20.0,1,1,0,0,6799
72.0,27,93,6,,2,0,0,1,0,6,128,10.0,8000,60,5.86,720,8.0,16.0,3,1,0,0,25899
89.0,37,171,14,3.2,2,1,1,1,1,12,256,67.0,5000,120,6.43,1440,32.0,50.0,3,0,0,1,54999
64.0,30,188,16,1.82,2,1,0,0,0,4,64,10.0,5000,60,6.5,720,5.0,8.0,1,1,0,0,8720
89.0,26,171,14,3.2,2,1,0,1,1,8,256,120.0,4700,120,6.73,1080,32.0,50.0,3,0,0,1,69990
80.0,8,60,5,,2,1,0,1,1,12,256,67.0,5000,120,6.73,1440,12.0,50.0,3,0,0,1,70990
83.0,20,169,14,,2,1,0,0,1,8,128,68.2,5000,120,6.67,1080,16.0,64.0,3,0,0,1,34990
85.0,28,31,2,2.85,2,1,1,1,1,8,256,67.0,5080,144,6.6,1080,16.0,64.0,3,1,0,0,28990
80.0,20,155,14,2.2,2,1,0,1,1,6,128,10.0,5000,60,6.8,1080,32.0,108.0,3,1,0,0,19990
